Filename,TextGridLabel,duration,in_00,f0_00,f1_00,f2_00,f3_00,in_10,f0_10,f1_10,f2_10,f3_10,in_20,f0_20,f1_20,f2_20,f3_20,in_30,f0_30,f1_30,f2_30,f3_30,in_40,f0_40,f1_40,f2_40,f3_40,in_50,f0_50,f1_50,f2_50,f3_50,in_60,f0_60,f1_60,f2_60,f3_60,in_70,f0_70,f1_70,f2_70,f3_70,in_80,f0_80,f1_80,f2_80,f3_80,in_90,f0_90,f1_90,f2_90,f3_90,in_100,f0_100,f1_100,f2_100,f3_100
p08_carrier_1_chiaba_hit,i,0.15550742585538524,72.09180515500968,252.89446091829043,376.41863254375806,2656.7330417858416,3477.7216486458315,74.64895452966046,243.74042616770606,174.4818436287043,2721.188268646829,3370.728607242613,74.36965713017686,239.6291051568503,328.31083089795413,2818.1107587731776,3440.595220552884,73.6768351570302,235.68018694977118,2745.962238762241,3464.038365994732,4132.616767462928,73.42647130662156,230.92378343163563,2384.138583329296,3384.082084692738,4002.9407847564235,73.40032882003365,227.89930568436571,329.6738895074212,2764.28207702703,3472.1556971471573,72.67078486158155,226.79690101861485,172.11349353017596,2786.3047172649003,3484.992162828885,73.20678750887224,226.97386309348587,368.86295070458146,2715.3426906128943,3373.5140045112485,74.48947314969193,226.83655818660836,435.86779685622633,2562.906497116071,3312.598387122897,75.98857143556387,224.23927249751864,481.9858118403968,2389.6444564743424,3256.543432771725,76.21770511416737,218.28896038338578,626.2580500628985,2171.696155969955,3070.1399010877053
p08_carrier_1_chiaba_hit,a,0.15829229152432034,76.21770511416737,218.28896038338578,626.2580500628985,2171.696155969955,3070.1399010877053,78.43908257970814,213.24951413599206,755.5200337512025,2048.2622288662665,3004.3768188454706,81.26282647557571,209.31582836286285,865.9649161597902,1935.2668410001643,2936.0291855140267,83.48037052043591,209.0264694630699,879.8855885560913,1833.2855403641647,2735.411441345853,83.1131404250357,209.6791391264043,904.3652914899875,1756.9467456737789,2552.336190003525,82.62073243642034,209.6095208353514,954.8002133566208,1730.7531954394447,2543.0788776737727,82.36453474433937,208.90907656032104,966.5129430700698,1706.9260172730278,2567.00349628302,82.65440490636573,209.26432728240007,963.1026087571211,1682.8114302004583,2644.5133536220737,82.48273891224765,210.22948480739714,918.7907048732008,1689.5008123375655,2675.98448624085,81.1631496340155,211.12983746121813,880.7460655749545,1693.6565459348321,2699.754997229456,78.43209900065014,211.50209375545313,900.3359907957754,1530.1006652758613,2643.507238953582
p08_carrier_1_costonhialo_hit,i,0.06802855751256853,71.71575187052794,223.70105294202105,1624.6417945986718,2969.1053066996974,3749.027577373128,72.06275122859061,223.33011004176103,1830.4561625782324,2994.738731274215,3694.986573133002,72.38767042582681,222.97339883489624,850.0533616380685,2299.858365811577,3252.2089831974067,72.6030515901023,222.8270691416912,370.1954640280561,2024.3357548108872,3026.694033362579,72.83006809725262,222.84644061079155,538.9626197103534,2272.6407040771605,3073.7155103557407,73.15433909551058,222.94082108861974,599.7128877787989,2319.9357206686045,3153.1325593508477,73.55714912617475,223.07773276333188,659.3666394665892,2300.0050579779195,3179.6358166770497,74.1535488645344,223.23632915518687,717.0350354239789,2218.4233028988074,3159.611378499645,74.96777561581972,223.33049232077897,758.9187091859291,2103.850349038595,3144.715838360671,75.95753942481036,223.27950724253964,813.434186080438,2029.6534444573924,3125.849170313073,77.28099849901248,223.18511555986217,872.2618279243123,1980.1872437454178,3107.2779167886706
p08_carrier_1_costonhialo_hit,a,0.09657982872632909,77.28099849901248,223.18511555986217,872.2618279243123,1980.1872437454178,3107.2779167886706,80.06488657929003,223.24891844805498,908.1967064284331,1878.2113801614714,3112.344661490304,82.74212953050987,223.73253814606696,916.6138037846252,1819.9638844440465,3113.0073182138913,84.26941884020124,224.62685569291924,930.6128007723421,1787.2505719075423,3065.5716337862286,84.65590360481883,225.99324371217006,953.3841166827581,1764.4913255584765,2961.7432922440275,84.11923887083212,228.40715760416427,969.0813423583918,1665.2221406676033,2728.9056200842065,83.00620025032283,232.27893806312167,1004.2448047401787,1667.3105904848169,2729.080985761875,81.97633299201841,236.97296962313166,997.6525372702126,1687.7533798485047,2677.0402900342483,80.63949264204061,242.21619926941298,975.9838707859504,1723.5800320688259,2832.889838743936,78.92500165780679,251.40778048767552,977.2587981589976,1765.6084064762388,2711.8208029822335,78.68811931660484,265.72646431696097,955.7031219612245,1723.7914940459402,2604.0119469363467
p08_carrier_1_crobo_hit,o,0.10738217340064415,79.46840731517464,227.31073344976232,763.3601383903158,1302.0751261753353,2872.221212472227,80.05325033912614,228.7997450858349,731.3749829498645,1128.7548676641302,2962.03877167343,80.33721781061462,229.84066198095343,708.4876203201267,1085.8172861082112,2907.7424526576024,80.39054245728364,231.09428885236605,856.1789867345369,932.9105955876089,2961.2741884564907,79.89416446314253,233.15998137993904,776.2037088734608,1052.492856262284,2889.1371060427305,79.5345653322792,236.79979022377077,784.6619434496566,1089.9948367374568,2872.3766399540805,80.2175545530827,241.44125512428468,745.4106466169171,1027.1674137802663,2892.8703269009025,81.39480904760295,246.08760057450652,681.5750210905084,1037.3518712791124,2922.4543686262227,82.51218281177806,250.0929171138204,618.1224914746319,1028.435017766998,2944.903057175333,82.88020159729857,253.20366843655023,564.9876372585968,1061.5869072655973,2956.679666566311,80.26256949459645,256.13745725751,648.3540545018075,1031.6387079141025,3002.7272309858445
p08_carrier_1_falubiko_hit,i,0.12192461466065252,76.36694197872693,233.9176477348177,260.1351171240382,2351.267937269857,2837.471295466653,77.59777799315408,233.19129793646513,259.34787009230837,2765.149788454035,2816.963611253917,77.90886607986452,233.56719864107336,247.51149016820395,2789.149523946765,3067.311204895229,77.66232060768147,233.57596976606004,248.59487318851723,2769.640795857541,3161.872132444327,76.29371071986895,233.56578133197124,271.7873346317927,2806.181565163186,3157.4974442881276,75.48547530675256,234.52731144709355,289.2774134490114,2767.6601361299386,3269.8722621840193,75.10826722514236,235.11820354729429,308.463859774227,2754.4369976517,3266.1187282531814,73.71477197685134,235.26027131087898,300.8265515905228,2828.9936699793957,3255.008916303168,71.97303717623781,234.79175462864424,260.6594479763637,2820.4710968963823,3140.5735797196603,70.1051901073988,234.29044745030546,272.44121648177384,2768.449848573546,3342.2406070491106,67.48978395046855,234.3678054828406,152.69465441018573,2874.0414027099728,3480.630320301568
p08_carrier_1_faluduako_hit,u,0.11567696190603804,68.47836349634643,233.1017805083147,577.9500862254471,3069.6651004525806,3903.415647808639,73.17190992969017,233.3602056488229,467.256902735661,1490.3387635025822,3583.6888281435117,74.15815589911442,233.528770881329,460.5640812835584,1098.8370631188113,3454.993647847834,74.38408292800817,232.0812849716218,467.24861104244985,1080.485088278014,3515.1084974966625,76.0147547053902,231.39075433107985,466.4168843861906,1002.6158723450808,3626.4724659234944,77.83132469227752,232.17899362406078,469.6388400628255,954.9484696970139,3565.006782926296,78.32924941663074,231.34960459303247,475.7067259528357,935.0546626765267,3479.8327685735912,76.93474128461675,228.08428186416845,544.2175104607319,952.2762105693973,3514.699621745754,78.08723243527221,226.10926378297023,663.9181138171982,1129.0740296936508,3082.7746849851346,80.36464965904459,224.53415167812088,778.7202098042143,1303.523199841924,2905.0686896279026,82.14643477885224,221.5399054761417,877.3204347643704,1403.2005767176315,2836.725872601251
p08_carrier_1_faluduako_hit,a,0.14316090076833632,82.14643477885224,221.5399054761417,877.3204347643704,1403.2005767176315,2836.725872601251,82.77775318908888,210.42293171931345,894.205256769625,1613.331746026149,2786.094766535734,82.88098970602464,207.6760187868182,933.3015028384364,1619.234331171365,2788.691658198741,82.43937855091393,208.96866597238784,932.0829894233237,1669.0738429751639,2643.1306995273626,83.86491905716265,209.64625333564285,917.7018565600982,1674.8746456663641,2639.6255258819383,84.34980621050597,211.15281527215666,879.7326515868463,1697.2791090920337,2730.844480253848,82.11276907258551,212.9518524918073,866.2325847707194,1651.3618605182635,2748.892381109154,79.14344392320493,214.4772105004549,803.135757352316,1617.826908873585,2836.5445509924944,77.92340540814317,216.33483899839584,789.1601927898027,1548.5915122076246,2688.8890378159163,77.21535635608588,215.7269403729572,840.3061188404928,1506.2813735498014,2642.2307302384834,72.60406398788419,214.89830932936138,875.4664943664618,1565.8328115005907,2712.8709240904222
p08_carrier_1_falufialo_hit,i,0.12071489351502329,73.34301155346661,243.56315314595741,293.559893875975,2713.862138927396,3127.011384863079,75.25575001939936,237.99953036353858,295.3925210560128,2721.6233660607186,3181.659227809111,74.83035972891147,236.07085888410703,314.6010013969988,2699.85628192051,3189.4378436311304,73.79386147866677,231.73347130339877,327.49034042633974,2755.524199374919,3292.118271567797,74.27474978016242,228.67728807405948,371.8817979530062,2760.7296996958567,3300.0684511222507,74.98068733475374,229.1052515764317,394.7461260388097,2746.5038778360795,3341.0538883542904,76.25224958869948,230.01844536677467,407.4628436608597,2741.7140037496492,3338.8913606939395,77.07835897239593,230.14235916049208,457.3100138187544,2709.169525334431,3244.5548636748936,78.74781587517685,230.3261375084875,476.0264451831367,2612.659166004273,3172.3870709672387,78.87199772534122,229.5283621429597,506.6103297596776,2283.0688156211254,3110.3751746485814,78.14828204426983,224.58142443823735,650.5580010543696,1891.4334485024553,3107.0235510494963
p08_carrier_1_falufialo_hit,a,0.16245442037999203,78.14828204426983,224.58142443823735,650.5580010543696,1891.4334485024553,3107.0235510494963,79.84513698833733,220.19232103515216,765.4006966892206,1797.3313262659096,2950.5783737554198,79.30213765092843,216.9466187678218,825.4666597992814,1862.218305956376,2578.6236081772054,80.45907392839653,215.84696729737092,847.9825554621221,1979.509530432229,2655.46869053226,81.85907768052395,215.19162436299467,873.9088518767571,1876.8723419731352,2438.2167910931507,83.52089218752624,215.41027016717868,876.8623770169995,1779.6884529779713,2602.6906910207435,83.23021037178124,216.89188055200412,892.8467729594665,1789.936758638143,2731.178712550412,81.96624741817801,217.30069477166904,895.5324552445255,1752.476144621075,2605.235259472196,80.52083572752521,217.66774191368884,893.0544434395024,1841.9046649674249,2790.8837524222267,79.82815453567568,218.25241050731555,955.6475691493519,1809.348772743793,2706.4939442346604,78.62248098318406,219.1982264941769,1000.4669767959617,1772.7662763658548,2857.2597921780134
p08_carrier_1_faluguato_hit,u,0.06192387167727231,75.04354079578394,--undefined--,533.3986164739906,864.3430589209149,3328.3213294850734,76.20543464817735,221.73625208340877,515.1180429906536,884.2981617950513,3294.358792848725,76.18451097391939,220.9908227789849,522.0977525182145,868.5188107054047,3163.6232313900678,76.1874156009114,220.44369494714942,582.4952624135096,946.3714471596863,3280.3654858583445,77.224949018569,220.6717898314901,622.3459468566559,1048.0345850736228,3185.055640797017,78.47546432054571,220.83768129069676,638.6613522726902,1176.971366642797,2846.85156653535,79.37722979981366,220.9400323267987,657.9728462035871,1233.8702771542762,2772.70183053009,79.76019310176127,220.35855372308703,679.4834692871112,1272.4236161535036,2750.4421897167736,79.68934666466618,219.60157323573188,706.4080500687746,1292.3830728493717,2746.7194254000883,79.54096624896951,218.6108927741582,744.0779352895424,1308.7538714556704,2761.2450867850876,79.79356150759574,217.7137566493154,788.3653161991587,1323.0477186699738,2786.849687489932
p08_carrier_1_faluguato_hit,a,0.1328887721527363,79.79356150759574,217.7137566493154,788.3653161991587,1323.0477186699738,2786.849687489932,80.96595002066391,215.80105181764804,880.1321478056909,1413.9388734281802,2804.3898072199895,83.38709554701236,214.0559577512612,893.8832738823608,1526.9194552132553,2745.026569628546,84.898782595221,212.45311674819825,912.1869233916138,1554.497537296177,2724.93639259721,84.6153032329246,211.8227862335645,902.9770386425538,1633.006196854891,2660.949226307833,84.8957879139131,212.77738122653832,886.104892432489,1629.6757609182694,2699.872876096918,84.12831732876487,213.62687578573684,873.6297525678999,1560.5665069595345,2722.7317346351792,80.8758050621532,215.09435561702415,878.2385415489387,1597.1484605749056,2784.368067924166,78.54686292399268,218.41085538874538,801.7957338893523,1651.8784282096408,2878.0916254174044,76.1350840351538,217.6683786745976,808.021578076528,1540.2381835259987,2646.3946848183964,72.4394885025731,215.26394629864254,937.2347244150501,1601.4367672867427,2644.3935286423316
p08_carrier_1_falukiago_hit,i,0.06559559775421064,68.79999970554707,230.32576285005726,257.02541369143086,2943.9131340806202,3610.002901878499,71.15769863395388,230.23626721760408,291.6418197372257,2827.3514108070103,3535.200045345509,72.19652989317454,230.24828999828767,316.63971267260075,2823.456691035857,3513.7677213281167,72.61028931960307,230.3236161022411,343.56941824898655,2744.426452840792,3437.171229317557,73.20332474769461,230.34287299382308,377.7824960193706,2676.0079745355965,3360.840171220673,74.24674353202262,230.343240925503,427.1799654290466,2663.0412189567724,3308.6785401217885,75.24536895448962,230.33002344525826,453.9468949068058,2605.010082750615,3257.319518161585,76.22547499968817,230.3859997868928,472.74008113510314,2532.7331399249465,3217.696842875518,76.87349125320502,231.50576105576874,486.25023297247054,2454.494173709786,3210.24362804393,77.04394188957077,233.68318105191906,525.1703867946471,2363.068172492198,3134.3617150047944,76.97431840059059,224.78372877853266,581.8525429990249,2281.7574140845063,3044.631378891969
p08_carrier_1_falukiago_hit,a,0.17997156366208733,76.97431840059059,224.78372877853266,581.8525429990249,2281.7574140845063,3044.631378891969,78.54373944501297,217.79988660032012,723.2431645520879,2088.5384148788016,2890.6451895143746,79.73725099586423,215.09458308526706,866.4641168856862,1864.913453686433,2755.703200034155,82.27128525064202,215.66435761589125,900.5694014978625,1859.9437710148297,2500.934866147766,82.95061410648442,216.55833536000029,914.4626122969889,1860.3706451539326,2351.6272872036247,82.2992021210689,217.24323733521493,936.0357329882532,1865.370819078074,2405.3549789231297,82.30579958864169,218.2322936814757,936.2899056050643,1914.3713685428875,2390.735092215002,81.85187166065465,218.17515838384213,920.5663383909307,1764.0391954754843,2451.055566559105,81.22038381490971,217.92648811665276,891.0027068156422,1628.993292701721,2536.1919940721946,79.7545322970774,218.93604466553745,815.8768930256384,1593.9469783102402,2678.0370425111905,77.63799088039895,219.49829803063585,722.38924898284,1561.41160696236,2709.657012862744
p08_carrier_1_falumaisto_hit,a,0.09790504257802324,78.71589191735984,229.44605710948414,905.6690803840914,1435.9918592991198,2759.661562470099,79.97406767012713,228.89843288858452,917.6534218795912,1510.2993252320236,2850.840982213831,80.8882472761524,227.9864676342017,929.7404117290498,1594.3243720088672,2914.242166442035,81.59689448768755,227.2209199489812,930.908488208737,1635.4589682422456,2932.807032480532,82.22234548575534,226.64268581247455,934.5884011420396,1675.3341308159613,2936.9749924949265,82.9923520834191,226.17065758187755,938.6055352804633,1734.0408386852057,2919.5376982293396,83.8597976964011,226.12778719408294,927.7233066902382,1814.2929987116188,2905.0905956347515,84.03909827149752,226.84182026119765,920.6135712517073,1922.9033828416434,2925.9613480264593,82.75492824499588,228.63498691090606,911.7277039934868,2025.2686399380634,2907.3811906814276,80.5386175555515,232.07677082177605,884.9756577963593,2110.472745341301,2906.0563369196366,78.65540652494461,236.32539806670118,828.8087379426723,2191.7595455120036,2904.7095208834785
p08_carrier_1_falumaisto_hit,i,0.1126930486093003,78.65540652494461,236.32539806670118,828.8087379426723,2191.7595455120036,2904.7095208834785,77.98426277027588,240.9602062459205,802.4925964864447,2299.067129669775,2939.082598408583,77.9934043248148,243.3168764683807,817.2529544120433,2187.423453573154,2882.403655607205,77.89707281590951,245.09182122519633,847.3043620910029,1725.1191782993728,2833.909825987552,77.8301617197603,261.90959186012554,736.5530860439842,1953.1955578406178,2774.664241162047,77.00664724667442,266.60904582929703,554.1282775286097,2203.1245640452985,2862.073477790158,75.98172864624155,266.8577334999512,212.4358131218697,2002.429727135064,2933.501124918057,75.46360765197603,264.19024777640664,1683.9990853521385,2847.4295697541397,4020.438783358727,75.02520569519628,260.6802323365368,1416.2155509049608,2533.8143077334694,3549.2278201433,74.7992949132918,259.823648579271,1751.7291276991614,2502.104452752382,3528.002387367277,73.18808601553145,263.40570058536804,1988.54118733676,2910.996497320738,4163.419381165955
p08_carrier_1_falupiro_hit,i,0.11664892016365047,75.57750097506162,249.59737881565908,281.3258348172033,2513.9484272552213,2915.6583948211332,78.21748298709672,243.61816861364366,286.3856672628033,2681.2058934237484,3021.792985890965,79.09494374838145,241.56276009937025,285.07784822918836,2793.2342005856294,3125.4128148471473,78.63597768740837,240.76770979095303,300.1953389650854,2839.4229685571413,3240.590368135331,78.51285137506675,240.43409720443498,330.6989483220447,2840.3590467180065,3255.212966103551,78.62956779512658,240.79959622207755,313.67593580278043,2836.0660165453364,3127.19474747021,78.68483689918864,242.03561111928178,288.97853451577714,2730.637382430746,3060.6032205603906,78.31185071543005,242.9462410305436,345.184515807188,2642.5154415095813,3071.270631695651,77.82132774802045,243.44104052298343,386.92540547474647,2494.4896890248065,3035.107260121072,77.41298386320202,243.78989950897653,425.73853304983373,2377.383759083791,3018.0686035199096,76.4686095481467,243.28712284718796,420.38430913123904,2174.173005777292,2991.132450617016
p08_carrier_1_falutarlo_hit,a,0.1955200815411211,77.77266824718045,222.41764886661795,666.5359637322803,1744.123909536117,3044.5657366199107,79.26494830616632,221.10336023896514,768.4726528488343,1745.3693243379282,3012.5092601928827,79.7581790516225,220.0264251801856,840.5507795272462,1714.8159035573347,2996.816675438569,80.3257177225913,219.5373783892192,875.6125773725871,1683.3004325039058,2866.3879387002685,79.66839913731357,219.1544266836578,869.1687067254235,1618.2326016061982,2828.181030487073,78.89406797282172,218.7764831157816,835.6267425293377,1626.9652412487371,2798.1402857445937,78.6311766224119,219.12700209091292,795.4928205926569,1692.8710225697757,2724.999130467686,79.51087820809421,220.0854728077604,831.791578855331,1642.737982981974,2696.95970933381,81.24676030955644,220.55106489530394,844.7782639074322,1694.1640103685882,2560.280582109864,79.3709788633665,220.09038502905707,890.3889395217205,1761.962185923115,3169.5989702517622,75.6376795264472,219.46467734261827,894.3205197250437,1680.2328721491726,2945.022557315128
p08_carrier_1_falutraigo_hit,a,0.09220547397095391,81.5986121382869,223.96029199816192,787.4152822273478,1804.5829597975562,2725.1441834880825,82.29126151086503,223.35432996229454,829.2678316234022,1804.99445555508,2534.3003075709757,82.7657015839733,223.17096076694745,844.6089377272913,1807.7792603822165,2539.108725842656,83.0361375583597,223.4436384674533,852.2691136254252,1824.0981691965092,2568.289049985367,82.92394624362386,223.83348836948377,860.3947573738525,1864.5248962033618,2643.320981396159,82.55060119545202,224.06446448366563,860.1429506359711,1863.3819800519318,2682.3378883492674,82.10581734018237,224.17144996890482,850.4596099854089,1887.5798194248105,2751.1373656717724,81.70385408462302,224.4162815549589,833.2580503878374,1928.409106091692,2784.411225755555,81.35775366771486,224.85705014679257,811.348086715835,1949.2222331292858,2814.9382289547234,80.65233577240372,225.40195341795499,788.7688097722439,1999.6426829479017,2908.4899798753013,79.17795141747015,226.00228519221636,760.9927235805301,2055.3991791599747,2981.7630620263294
p08_carrier_1_falutraigo_hit,i,0.06645275787371174,79.17795141747015,226.00228519221636,760.9927235805301,2055.3991791599747,2981.7630620263294,77.90151580098116,226.4002395421257,730.8351355652807,2071.7256487829586,2965.4534569273405,77.01106830442482,226.78702924042247,668.5760069034981,2093.179156058302,2855.684508626776,76.92843452749504,227.16275138586104,630.8387051200506,2123.2975233288967,2831.920092236372,77.18199143931525,227.5263697034122,604.9897694858668,2133.9309163855655,2838.9951062052473,77.51794555468437,227.9384828315609,565.3895121902449,1984.0356782350882,2726.490480301305,77.74335798841912,228.43242125298679,527.6881918330178,1965.4489664345836,2654.6724767383944,77.51512963637546,229.13459775235003,496.1913713476353,2017.236454395387,2629.189304102784,76.38126227886384,229.89795320536092,501.0875363556346,2014.080735837469,2762.54717555224,74.17285265417532,230.714743787663,533.9874189369887,1961.7598198082,2826.8339878130546,72.25983218153257,230.47089174601481,581.026185050212,1875.46101919405,2839.423765529227
p08_carrier_1_farloto_hit,o,0.12509316271561532,77.05517133389637,222.9882859945814,494.2017375715227,1320.2235065765408,3347.2116819223816,77.05543268081473,221.5453016406517,584.9014885704553,1308.9464212374608,3277.444364048134,76.88833874415977,221.7015862653067,631.456780203274,1301.3720590768582,3234.442644520842,77.09022349367063,222.5943670072048,666.3978331359134,1228.3431353079936,3124.0465866258364,77.15704334733155,223.22778667479432,681.8991657697527,1159.41988406948,3089.700452360032,77.13738059481167,223.8023382639569,714.0679559025087,1180.0968059744514,2957.684412302882,77.1482101612899,224.36405315272867,721.892506939706,1272.671582904661,2919.7371902677482,76.75503013166917,225.41379752697196,724.0843801860137,1293.317593285134,2995.4741387703402,75.63777905513467,227.35286988346834,672.7281860180824,1283.094738258731,2993.165182395278,74.42590357213616,228.94757550915364,609.6504972524095,1304.7355062263487,3061.4608120154776,70.81688960072479,229.3470322911499,601.903791907101,1302.069677227429,3180.653821536338
p08_carrier_1_flauro_hit,a,0.10454202807181656,80.0648652281763,237.1167546649755,705.9107346527044,1703.5354125131248,2702.0004434535326,81.08534964232385,233.8212437157882,812.7823474519475,1694.0502725911988,1949.8118234828312,82.2466206241076,231.00555690003281,888.4421429318901,1757.8429704792156,2444.2572224801834,84.3332022226906,229.2541502881399,903.3616212722277,1725.2392210557884,2696.2888645303824,85.56716305599456,227.7790434952615,909.0098326464059,1673.389817967652,2688.757751684704,85.86597229674665,226.29215108518034,911.7113299786711,1659.283993051716,2467.9967014908298,85.74783384681653,225.0059464827808,908.3711470832958,1685.6399004346424,2407.580169480218,85.44379402273297,223.9225985741298,910.823124281645,1669.43989712514,2428.0166528481413,86.11879180531295,223.32797751266466,916.8388432308319,1633.3304598882012,2462.9424041309167,86.5170815838403,223.0806459603303,915.1655301129168,1636.726365942052,2591.1154104124175,84.77633545670525,222.7251826579592,888.6947791399937,1577.1981954738756,2716.157445530341
p08_carrier_1_flauro_hit,u,0.1281494074767613,84.77633545670525,222.7251826579592,888.6947791399937,1577.1981954738756,2716.157445530341,83.53399429051387,222.37029434106773,872.5821840438645,1446.9048822958473,2843.60388600552,84.23432596264762,222.45266426813475,869.3364705076567,1469.2217351666689,2784.1436490260003,82.67694402438985,222.59549884319608,831.1458858780387,1429.594234554971,2749.335769985291,80.73848038501372,223.17942805448598,803.4474644570994,1470.029493646243,2652.261126752814,78.9149486145044,223.82214342992003,819.582029743606,1502.0027033609758,2709.869398587557,78.2863567547202,224.54254135476177,771.5181793856741,1409.5203357259816,2851.5450381832215,78.16867684591284,226.3421731710434,693.1205618115308,1264.4391599679393,2874.581250473704,77.5067630521658,229.8012142858976,602.8975234712518,1272.851655793574,2817.7881559267876,76.87214400992448,233.94420353531066,600.7968828329743,1331.6893984322132,2710.6514561145027,74.76632722060653,232.4045837187281,628.843813408989,1364.63154576433,2709.570438508732
p08_carrier_1_lakabiaisto_hit,i,0.12744471335156415,68.65530933417627,216.26298882008223,624.1598732768329,1677.2180942455498,2946.453070734072,70.63805882627098,213.00028684460744,1630.4646417928554,2894.7044813787834,3898.5966681351742,71.1227327946476,209.25996591410953,1609.366162377705,2952.985871291381,3840.5285883711454,71.38852993942626,207.5224240006552,1505.2396409278022,2969.942804054431,3697.3717183247677,70.94420444448006,205.85882264398433,438.3052887536257,2941.5212929130685,3674.03205542551,70.32946695418616,205.13636297317925,1721.4737750510335,2936.902411519989,3686.5240592922505,71.69761339903941,210.01263329959198,2424.1118093322652,3274.6349577599904,3913.2341026353524,73.93644980589256,211.13998712874934,808.0473979560759,2727.201801256187,3401.843653578642,76.24078181053672,211.05783469238554,440.08488142562567,2588.2790020237144,3342.756203331344,76.76104140124755,210.05047886609663,507.8873965660975,2273.3826580537648,3197.6394192233734,77.39191913388038,208.11496778623533,677.7000474511653,2121.2133663785785,3134.279577860164
p08_carrier_1_lakabiaisto_hit,a,0.16269537874667783,77.39191913388038,208.11496778623533,677.7000474511653,2121.2133663785785,3134.279577860164,79.38375772097075,206.0600767569639,842.972730634646,2041.5326960085115,3030.1460778603614,82.37473495805672,203.6017809081859,840.2107627381911,1995.1452683174805,2994.369363166577,82.27800296052345,199.17485516291063,916.721330605886,1886.0214640704553,2583.387672145464,80.3990096730274,196.4761920907619,1054.2873547507247,2004.7843423172424,2414.4625468795684,79.88552753657832,197.4272959790716,1069.6006443691265,1929.8943048302344,2387.4041517277738,80.41670588586344,201.7510029078809,1160.6609750614482,1794.7300682315088,2947.0817038803093,80.42077788748716,204.41585179739397,908.1631377563226,1730.5285235795516,2827.6050033476827,78.5080041111151,205.82215453130115,857.1768277645857,1776.363180886569,2820.3895497467897,76.4053433420701,207.31871630641444,925.7696428879126,1849.1225056514832,2791.924539774268,73.27741331666707,205.73549669373392,1075.200562051896,1679.3123673865095,2762.82032931829
p08_carrier_1_lakabuaisto_hit,j,0.15425040262263945,59.29717361302228,260.5091359746519,210.65304596010392,1786.7536255602765,2978.589457360784,66.79905473786849,256.7051209149849,263.5426242838582,1829.19871188209,3093.083119273825,69.82133321793218,253.3772539203805,262.9996246515203,2980.2936533763327,3332.955625185904,71.92955558477456,243.3527429678283,256.4925623010731,2731.659132930605,3164.0993873318344,71.80389314997971,231.03042915611772,245.54239610935016,2703.6733334634646,3197.097509913947,73.46846941095171,232.41606026798684,254.0662781111493,2699.0650651862697,3067.1329770559596,75.23379555594924,242.41118517138477,266.73715121465665,2522.666064083352,2994.9366675265387,76.53473066891156,246.22387171964047,298.45494553185733,2418.644813413306,3002.1668262987796,76.678562952842,247.647792099874,345.6088094005171,2087.652735908991,2911.1755115152932,76.2181574764252,244.8056200581738,425.8940147517817,1696.343233179419,2824.465509964703,76.15956400440868,242.37725220277716,500.1102585211068,1558.531625367245,2686.2775252056263
p08_carrier_1_lakabuaisto_hit,u,0.1073341115189268,76.15956400440868,242.37725220277716,500.1102585211068,1558.531625367245,2686.2775252056263,77.0574787174236,241.00151582019586,509.0060426532251,1384.427608220505,2744.7626844896236,77.6376514155784,239.5795645827538,505.44011670449686,1344.4849508495574,2789.5208608363,77.73063105841257,238.22648860032905,523.9410900374905,1262.802163972709,2688.3522819526643,77.73633155858731,236.6787199784057,504.22134057887195,1147.23240974115,2832.34031016603,78.06379260921112,235.33284445120628,495.7544879747383,1084.3301418946494,2930.4715641111507,78.65295263737973,234.24670840988588,496.7088742049901,1023.8644623439004,2890.31250774393,79.2154654804223,233.0721347470456,499.28420900441955,1012.4912960417078,2934.2657853110163,78.78707429776428,231.18422277763636,503.85816065053024,1040.6410566559748,2952.193975817875,77.40661466584987,228.45959551578818,543.6825944375298,1040.9309353748902,3001.6838271308225,77.09982589355069,227.04445316686457,633.5885255816011,1133.3128820189372,2988.733620101119
p08_carrier_1_lakabuaisto_hit,a,0.12213881655602021,77.09982589355069,227.04445316686457,633.5885255816011,1133.3128820189372,2988.733620101119,78.56656326723208,226.56777086348018,713.6156548476745,1303.2982256021867,2976.0978960221587,80.96889783562078,225.77927417644702,766.410763735683,1365.8476812316694,2973.8403592604614,82.26030459750385,224.33888465173388,871.6328652313305,1398.1020056526972,2896.6843254855885,82.39445496479748,222.47153420127052,905.8447634761131,1550.3364038330833,2833.7192107044402,82.19659758524453,220.68830865511052,900.4767721987546,1675.642577584504,2712.7934874740395,81.36304365000919,219.6352924871598,963.5369411424875,1744.2294077305758,2655.444172668735,81.79486152725396,219.6402569648115,904.7842741367446,1786.6414854467848,2699.0640158230367,82.26033970496918,219.9823463332924,876.012245689344,1853.7309663744386,2823.4378850200555,82.1317036389455,220.46677160936133,762.5658511852986,1928.6094292659943,2875.1280653547024,80.95751811456273,221.38156291128607,773.0669171120339,1911.023331231016,2966.46988101378
p08_carrier_1_lakabuaisto_hit,i,0.08399463571603238,80.95751811456273,221.38156291128607,773.0669171120339,1911.023331231016,2966.46988101378,79.97888794779968,221.86915363240004,769.6853863639575,1884.1370298947857,3000.0873772709806,79.34801147468288,222.21402576549923,702.2964764208235,1864.1981036683092,3051.4722996877495,79.03572988349649,222.54527993985673,630.848572585954,1844.0199159416964,3030.098232372721,78.29194026006626,222.73687431199247,645.0392381541566,1786.8372398821873,2912.8205682190146,76.78435216288906,222.83474991657778,800.3106832439098,1796.4446309427876,2983.448106317759,76.03331611547304,222.95671447107634,777.4458926884411,1856.8520456599147,3007.4843123756937,75.7257532935531,222.94861934870298,788.8967734669845,2160.520736019626,3178.234648379272,74.60683707481024,222.54299687814103,837.8197770801555,2417.0984840458905,3188.611795633285,72.7992634883115,222.2152301848641,845.2420190239561,2297.402251607546,2920.837190379056,71.03624217276753,222.0903179842636,950.0989567824257,2197.6501621685993,3615.7076307214384
p08_carrier_1_lakadiaisto_hit,i,0.12290870188628755,70.74895531055175,237.59785734753518,335.76471198263533,2553.2806213055896,2914.4259522767406,71.62735842979994,234.73929023924427,318.43149888765686,2786.781988653017,3063.7521007619735,70.53397253784699,225.27794996364034,979.7340674075197,2932.8330205794523,3439.9520635560825,70.88974462605218,221.8819804294433,1503.4328895368992,3071.5308416826488,3730.326749737069,71.58640081156257,221.77652995394538,194.8115007029776,2819.0237953924006,3330.686144729896,72.12437844408807,222.49711596010962,271.3832917552149,2838.778542206725,3340.6227834873453,72.04356641543708,223.20468951915072,305.13101373229614,2831.1618309020373,3318.837686531452,72.30766321855592,225.56802391229118,375.7437037088958,2749.824062242271,3242.4568898195603,73.78662895973987,230.32598942187275,455.6662516306609,2658.4406807441765,3151.710943561119,75.91561408518744,231.5345007102209,497.73211758235294,2529.2102143264874,3112.752757995185,75.16316623087236,230.9741421992894,589.687415657817,2100.6654927119025,3040.396644998696
p08_carrier_1_lakadiaisto_hit,a,0.12795042652145439,75.16316623087236,230.9741421992894,589.687415657817,2100.6654927119025,3040.396644998696,76.06643796875912,228.51530915300552,752.0218187423519,1876.1841591395123,2968.4195671112093,77.53534268218706,224.48603905979118,855.2152310196133,1866.1731932887612,2963.3828506751574,78.630471371205,221.32527021562677,904.3865441609735,1897.9132257390113,2830.950723798084,78.4264204690009,220.22141779417447,891.1826303819086,1924.500027878881,2634.3260665634075,78.46855843573555,222.66739223753535,921.0879875057783,1845.0222063377291,2572.3662107874393,80.63062568302547,225.83537383424203,904.056781202136,1888.7685567994577,2706.2285631925956,80.65596227192903,225.75241061825835,903.5941276281465,1884.0444892308979,2761.9750057507076,78.73634948297875,222.3306530653017,864.6337567984315,1938.1922018134737,2815.2573233950984,76.23894859456587,222.18667611656974,785.2351928222164,1996.785061688326,2954.2671000664286,75.68499791280777,222.84791606856712,708.0685942640305,2055.9470066122985,3168.4860256117927
p08_carrier_1_lakadiaisto_hit,i,0.10269202352226614,75.68499791280777,222.84791606856712,708.0685942640305,2055.9470066122985,3168.4860256117927,75.41638190169868,223.46833527992743,778.2691565812605,2105.4942536146486,3195.8407490068194,75.03072736799596,224.31125768244044,790.9929186142662,2162.4539907553108,2867.2683451690264,74.07333529137013,225.17332621596617,655.0123741273663,2090.5478794478286,2970.8029754041263,73.60511872716793,226.10915599551353,557.7885070983863,2027.972361052246,2957.4825950445183,73.55590814805866,228.75414071855636,514.4152797591421,1926.3959032226755,3055.786598365922,73.19172671049421,241.30451565578144,515.5574371136574,2283.950898080586,2832.498804998637,72.72244940385215,250.40248010350848,499.61159466742686,2218.8054095026573,2904.9082245089594,72.74409173235384,250.23780571811713,463.07780849324166,2045.7050201891666,2984.0874063017523,72.06522375782633,249.5323437389013,484.1896099053602,2308.932206233094,3132.860895661247,68.92478064849335,249.17040321429477,556.6852118490809,2013.3107032194248,2985.8341115631847
p08_carrier_1_lakaduaisto_hit,u,0.14886347319990456,72.21189814986573,239.1773263127641,411.3988469429818,1910.747897480243,3075.6220053614015,75.205109283704,239.2129141021489,476.26149150473304,1467.6011015231393,2939.828074760642,75.27326198091139,238.1325941883134,550.4435384049543,1316.7772249340228,2887.9485085911606,75.18790075566719,235.9897391245573,627.0446151229252,1151.7709701510134,2505.9476484861457,74.76260197613206,235.17014981774366,515.1667071232978,1604.2129950720462,3705.7826454170026,75.22251923261362,235.067437060432,495.78780095587155,1304.7921952054262,2459.251636451366,76.68446596166382,234.4253320142909,506.57556784076473,1757.8688172573568,3766.9662355694386,78.54185888613567,234.56005813280382,479.4356700400045,983.6167937084238,2795.056277260034,80.30373445969113,233.84265519766072,479.91808910666737,949.7159417377958,2945.065387743207,78.56684279617505,229.74715025720297,522.0515244662101,950.7341620662572,2911.533625193603,78.70790836014339,225.26488843792254,688.2113088123613,1102.7725145535796,2997.8838248089464
p08_carrier_1_lakaduaisto_hit,a,0.10290351435613676,78.70790836014339,225.26488843792254,688.2113088123613,1102.7725145535796,2997.8838248089464,80.9731602312665,224.11500663494235,741.7108999546159,1323.0272487188247,3068.766548224822,82.42267929751789,223.52960963315604,788.9273416643744,1372.8948798685492,3092.684032826835,82.48829409465466,222.9861874006263,881.6150216136706,1470.3069790861266,3070.179724889245,82.15835849720479,222.35847614132757,886.2652825901348,1633.0070877405321,2882.137565901061,82.13800898729872,221.8360363011824,873.9341246931372,1709.7266895834466,2520.939186525272,81.9244524814929,221.84920753981842,866.4291420107243,1800.3711714714777,2545.1233108980355,81.92538729158147,222.05645562480527,832.1697948005584,1812.945991142653,2562.1964529992283,81.82355448968339,222.01114965129423,753.935890172065,1847.810093705838,2621.5062485104636,80.6752778342388,222.29554342898896,725.5195362299196,1889.4737168993956,2683.6965348216695,78.27566172862997,223.9539801949001,692.1488371632495,1859.35441732256,2674.184619785019
p08_carrier_1_lakaduaisto_hit,i,0.07149431930424344,78.27566172862997,223.9539801949001,692.1488371632495,1859.35441732256,2674.184619785019,77.31523159865952,225.69398737077836,669.7682443797449,1783.810641919025,2613.3270533271475,77.40509451845088,227.13142034836932,696.1701987356719,1772.2317124424044,2648.046531124808,77.7116975379236,227.93111989592515,655.3995259353517,1768.0178242029856,2568.4838002791425,77.85909626744714,228.40121288586658,612.3472028774878,1754.9805710692974,2492.8873262805196,77.6348926524444,183.67999915627007,636.0745162643832,1712.719893763994,2549.8479526977535,77.17304376796258,123.06735094448815,670.980511446333,1826.3243198383013,2536.6919150288973,76.88866334671636,124.63751195815723,677.7038416510713,1883.9065267782848,2584.1470816009623,76.607511670238,124.73511655640378,659.9801796549739,1871.574397015367,2705.8895972679106,75.68283413949489,124.39049054652884,694.4491063820669,1914.2660585097174,2866.1865103550117,73.69213126964175,123.94702985152185,735.2247266055853,1994.8018896538683,2691.633872290132
p08_carrier_1_lakafiaisto_hit,i,0.11729134419891984,68.25933368784939,240.1199565952949,893.5620485056678,2673.472143319856,3511.4261463839466,71.36303722115872,232.91632028706215,280.7389998498152,2670.914025538055,3274.6645478759706,71.82187993264986,220.46225337840937,273.3524157131328,2725.158610561267,3323.8392895037427,71.94792001213362,217.26947882445845,274.8986760745109,2737.055283589093,3355.9383662883765,71.56534299237009,215.46828957887075,257.77865229344,2751.718653036557,3401.2844813960023,71.3483783376198,215.85484477960426,274.7257225280279,2761.8904051895956,3382.8011264749807,72.18956222328333,215.78368173151105,305.5310117317265,2761.8063617453968,3336.3951033484846,73.249386041798,217.08930153582116,343.39684146111966,2711.30093871852,3260.4988620152617,75.45148595608224,217.63080411235666,419.37907252786465,2608.121360307649,3218.3856691061246,77.28388052333688,217.28664692708122,461.68678518631805,2497.6780867458283,3123.3579250773196,76.7288263713224,212.69770128518758,533.0916773674479,2288.1627170866946,3077.37539559263
p08_carrier_1_lakafiaisto_hit,a,0.14373911917884508,76.7288263713224,212.69770128518758,533.0916773674479,2288.1627170866946,3077.37539559263,77.9802126321707,208.41143968835766,690.5006218566477,2053.513537134335,3058.940699863554,79.79653293784892,205.5704697894008,835.5725388482305,1938.782511072226,3004.369070788797,81.99108312816116,203.8820467698341,847.1804741695132,1887.936079427723,2923.1913574813457,80.92245546698823,203.58968062741354,910.592609121639,1960.9064236746246,2846.525938369282,80.42120636519103,203.0909142650069,960.2301300328826,1842.0217844365475,2570.594842326323,80.91976277417535,204.12800167661376,965.7618682444465,1766.7426474972967,2435.765043001084,82.16135345955443,207.79947088563648,912.6785902425722,1805.2350513085282,2596.944525729736,82.09027078811296,207.36483097741274,881.6688983823256,1799.9081729131256,2626.5274983991544,79.67157135632343,206.23422609816444,889.063426214556,1870.9099658430612,2795.1701192997407,78.18385909033442,214.4521788952324,886.2042245758388,1886.5206598774644,2740.5888359550154
p08_carrier_1_lakafiaisto_hit,i,0.10374391809438022,78.18385909033442,214.4521788952324,886.2042245758388,1886.5206598774644,2740.5888359550154,77.64520117598792,214.31670962304102,855.4795726759135,1904.4893542931966,2825.824397609938,76.88470175876824,214.80627099540342,780.1879566551069,1939.3610390428232,2807.714581797549,76.70004528728848,219.73065765982,762.8812665925391,1898.8634961399382,2873.1594444280795,75.30776001016298,229.11448315656648,753.7232569758498,1803.050034343492,2720.292903152175,73.36857946980537,230.28250994401904,736.4936183222504,1778.5336155386665,2652.799529432534,72.71945428815876,231.61782310809747,703.2225641868747,1755.8740945381721,2768.213749479051,72.14170383191018,232.36229967788427,691.7154082032857,1852.1742959606322,2854.345642543388,70.512777790921,229.83297410966736,556.5092359912283,1813.1956707979746,3002.858175861985,68.43399731533957,227.9170195659346,459.825826412589,1791.689152618439,2816.3516515808683,66.78107079264171,215.87181574676634,935.8336353322107,2018.3112717843244,2286.6718076902457
p08_carrier_1_lakafuaisto_hit,j,0.08962029801944205,72.33261767559227,255.30756919957747,1030.0907892323694,2695.524249217371,3534.3204190508986,75.13625078524485,240.97442277178962,249.12062875013558,2398.1629168955733,3000.1835732869667,76.19920697039366,237.04065542443692,314.07608852624105,2563.7532811551305,3150.421061923381,76.43994453152911,235.83156650589328,329.83591439336976,2588.344222263647,3158.5977743129974,75.75446666036797,234.24292877585216,352.44054939632264,2572.2096341037345,3088.817199299906,75.35715119125629,232.72462710014227,349.11456570873645,2539.279633721865,3043.539263502303,75.35686475223673,231.9715598256121,369.44999568362766,2542.1194702848015,3003.6164613171177,75.04960162205094,232.38158182948,395.76400097283346,2487.9340339606833,2967.1279449511476,74.6600517313494,233.79197245835033,415.7621653659732,2408.454601326845,3023.269580091202,74.57664696381578,235.50572523178093,441.0574346182952,2307.932221574839,3059.143223314604,74.71822509782258,235.92363544801182,467.2310656311106,2082.796497085153,3017.035064446294
p08_carrier_1_lakafuaisto_hit,u,0.10413367308344723,74.71822509782258,235.92363544801182,467.2310656311106,2082.796497085153,3017.035064446294,75.29381317418682,235.255374621764,487.2336290848432,1773.064130132853,2865.893277699074,76.54186278303641,235.2415419497724,504.3740651866043,1697.1838486009972,2649.6228938217755,78.27166419331955,236.34636427545973,503.86116295071105,1606.9837680092478,2592.1451562012007,79.69808540612655,236.9127778331119,500.66101493750693,1392.5785630086234,2780.9507385647576,80.01514151233266,236.3070127364488,515.3751543879152,1206.4920143632112,2953.4429135549176,79.16117994967848,234.3262188312678,522.7326636669334,1087.4702476107734,2925.6014169017626,77.76277996525492,231.2391483604615,560.0351703082156,1031.6662610141695,2922.0349634134523,77.22656567550848,228.84923475503325,583.1952519726111,1077.5457510471465,2955.027539900345,77.25149262070796,228.00313281213212,651.139274401123,1149.293985213608,2982.266202950966,78.17862218806722,227.80160198363896,720.9659197258283,1279.2094357172455,3002.852281660954
p08_carrier_1_lakafuaisto_hit,a,0.0865689571416608,78.17862218806722,227.80160198363896,720.9659197258283,1279.2094357172455,3002.852281660954,79.49005187839083,227.5194094634056,743.9004830565322,1346.121096055142,3166.974460504819,80.25745385761932,226.9952848242388,784.1612201557011,1377.0669973058266,3192.0946486072667,80.61939327539504,226.4483056360197,840.2542198659038,1426.7184592777733,3075.3916178564978,81.16292582028402,226.01602975113562,881.3452301042046,1515.7492537552268,2992.9389231217265,81.69309018508554,225.83447783125322,893.3193330063867,1596.1423315203385,3034.0504881628676,82.0594244449484,225.82163158652506,898.0966383060689,1612.64077479414,3128.7680324921207,82.02318604990629,225.79844271144879,892.1478337490498,1614.5595289718817,3009.0830358035037,81.20896259753135,225.66147240419258,894.7694646346937,1677.2531197577816,2990.8906972370723,79.9894705309649,225.5123876160283,875.6609176975352,1768.196660186045,3008.8826220006285,78.9735498312824,225.46328375789392,826.7076204712347,1867.9289552665045,3051.425543279221
p08_carrier_1_lakafuaisto_hit,i,0.0923633859885622,78.9735498312824,225.46328375789392,826.7076204712347,1867.9289552665045,3051.425543279221,78.06889396431208,225.44925049198633,747.9400228373827,1892.37110406192,2964.3267707240257,76.79550189084328,225.77875510394475,668.6639290142432,1784.8730439389562,2754.7463562307867,75.85971378555435,226.56187676082956,631.6697353412649,1675.7386130300029,2783.291830409109,76.37931481103077,227.66407879089067,636.8617405727097,1559.489529564915,2690.5798480016283,77.60263494528087,229.99478966243043,594.0028214597228,1468.4511642030368,2625.099086196895,78.17906657529228,234.24963054765263,524.3656670387352,1553.2123453051222,2799.4939922577173,77.57907266043777,238.80017064270095,520.6139893405465,1521.7087940422073,2815.6804333707382,76.50556048344508,240.38522309501937,543.3974169359274,1574.8841272266834,2645.9408358097985,74.95327568893546,237.49499308926403,554.8440448865503,1600.4648368466417,2789.5466335729097,71.54516195938986,232.40577460310683,788.887340673647,1814.9697920062692,2874.3713883744144
p08_carrier_1_lakagiaisto_hit,i,0.1791349968045477,70.82040896727659,112.95881815911946,260.3381783862397,2913.1721485275184,3533.959308934638,73.20086139303136,108.91544059471516,278.9065637745929,2806.2375845041715,3501.066514820252,74.16368724504909,108.68589785084056,268.48739319131266,2873.1072053635053,3437.797026487308,73.91054771928553,107.73390444250269,274.50077180151015,2848.4022605580403,3474.9415267081804,73.69139423517731,107.48239633329614,265.77484090974474,2899.410984240255,3438.927091438505,73.63050555958534,107.86565200997133,264.83089371545424,2882.909361741303,3449.179045551635,73.9124813642769,108.76150989660505,300.5186432294081,2811.114811740023,3366.282382377266,73.81723997028573,143.32491134295952,356.61684609048564,2688.5179473795097,3324.136302377157,76.17059723710105,235.71029117695593,440.2288974521032,2530.021117853907,3233.390027249672,76.43156006390592,234.46173645129147,504.3108232437697,2313.535416900396,3129.6075745896674,75.75505010905974,223.90882803057985,625.1649152923998,1963.7117112274937,2813.746302394734
p08_carrier_1_lakagiaisto_hit,a,0.15004663962592435,75.75505010905974,223.90882803057985,625.1649152923998,1963.7117112274937,2813.746302394734,76.96741638670326,222.7116291806667,739.6815113322202,1845.8834700887853,2929.585504471047,78.12240775948464,222.12525657867405,835.4107251706504,1842.7869939936506,3190.2936086838954,79.13468537193035,221.31528544759405,862.3953613242888,1799.638866614853,2399.8437116419327,78.62399651972135,219.9114027086084,880.1461843807298,1770.8779873536387,2731.8704935717838,78.67012587332749,218.17061920779864,897.6682969325957,1773.7283669661601,2368.853679763086,80.48802385399387,218.04698665945818,879.7137635129146,1874.8694099535403,2351.9132755595406,81.31571711114444,219.11161671746373,862.5827556829919,1853.5357273153672,2393.885715550879,81.04287821711488,220.77028284823348,835.2658647672835,1788.381401776968,2391.22277534175,81.99779650375228,222.55238839328345,851.2144143927646,1774.835572990461,2344.9086241057894,79.48728606447173,222.48062656457452,797.7019796932286,1823.607470621287,2508.6930098138937
p08_carrier_1_lakagiaisto_hit,i,0.09134675025464922,79.48728606447173,222.48062656457452,797.7019796932286,1823.607470621287,2508.6930098138937,77.99722481196545,222.61603072790905,768.8221585188617,1883.939761735617,2809.7286420996397,77.81535898568465,171.03255181766036,681.2889998378705,1844.2101429576962,2590.315062998042,78.47199120065893,122.58831289062323,643.4282028490344,1855.5521346284731,2494.3335059341734,79.19046049818276,123.8197498711104,589.2775145278487,1808.954884883751,2809.654517856745,79.0180914232157,125.04443928385543,603.3310676086161,1789.5946041392665,2895.55957458094,78.40799192145337,126.1714664244676,700.0758360618187,1547.2199835992578,2817.0161553805815,77.58731601536141,126.84118507963218,631.8901151313029,1396.329154552243,2783.680979512883,76.59672561105613,126.9201859608828,729.0343529930835,1764.8898466236344,3026.6208302369973,75.59020939316102,126.14367499871827,858.5495461902558,2126.052496421988,3138.036726449858,74.46851954911051,125.97100256028021,724.9505285645168,2026.1679265749995,2888.6146243317085
p08_carrier_1_lakaguaisto_hit,u,0.15461342898318997,71.65403355950941,234.76225706363502,493.3039551122993,1566.9876569816956,3563.9521641762653,76.9567554580503,238.03084797968646,494.87018867962456,1256.186936944002,3307.9431909780874,79.21270169706065,236.80522508093978,500.1626424909698,1032.4353506629898,3092.232571824873,79.1234966644331,236.81074773343488,490.07666893971657,1080.0570897338102,3083.4015576378806,78.76961985859303,236.06043516810703,486.535175178305,1059.5181531530513,3229.4624230632276,79.11205624124142,236.1624380979713,478.4235948201067,973.8646756951838,3055.605167800442,79.66998000845008,237.40478611700848,482.7858887244377,977.3748731841417,3119.526372203468,80.04964859897785,236.44378285360256,487.87446866259836,955.7882054049207,3291.660359982968,80.20522431195624,233.46322852641157,506.77746027642706,941.6935745722141,3319.865750865793,80.18062013172612,231.69858804327947,606.7016876977077,988.965659224663,2825.038228756483,81.3610398057742,232.0496930527346,716.286771091013,1133.0050291744808,2703.4339280163263
p08_carrier_1_lakaguaisto_hit,a,0.10514698682712309,81.3610398057742,232.0496930527346,716.286771091013,1133.0050291744808,2703.4339280163263,82.6023379503585,231.84673056715698,795.4546651589026,1252.1554165916134,2745.3080161445305,83.32069313771296,231.2317674257335,835.154545942466,1354.3636738966788,2730.9813844564155,83.68069585742572,230.72338521413013,880.053111492369,1406.0440301471256,2690.6479124545413,83.76021240306801,230.48605383627137,915.9981241222927,1515.3413790192508,2761.4882581248858,83.66086177634014,230.5152690351823,916.8486750827383,1660.4621134590773,2922.0716890373246,83.50463103023245,230.61888663189458,912.3387381074276,1773.5974627779578,2995.5830205130897,83.15074982471268,230.51976203282422,902.020201475281,1878.125007323673,2948.0191317511385,82.82594058950698,230.2276834440759,877.2049140695293,1960.9674914345496,2850.059963610075,82.43444553065697,230.15255633764468,860.4042994608972,2033.3827535757023,2845.575433967721,81.3069556635613,230.5734967953567,865.0106491987112,2184.879292817858,2898.805337632173
p08_carrier_1_lakaguaisto_hit,i,0.06599958604617973,81.3069556635613,230.5734967953567,865.0106491987112,2184.879292817858,2898.805337632173,80.62278853532243,230.9815955328521,862.5571617355934,2298.4555102124714,3035.7268302816565,80.29073698976343,231.3388225664824,850.8692237013049,2402.7139170993587,3258.639660333102,80.31782140526866,231.7454513488646,833.0781499177102,2356.667199422624,3303.9026993403504,80.53499007239564,232.35336395299547,770.078420603488,2276.3870977254733,3247.162768319653,80.81339146775444,233.48031385347215,659.5945294043602,2160.1505286303427,3083.285708696067,80.82712407842752,234.72045442179197,629.4877553610719,2142.512842307324,3101.3009785745176,80.28213855838963,235.67343748613138,603.4597934836464,2142.229213910157,3135.480624406167,78.85360515068335,235.6760365610601,579.5806366169381,2159.232432114335,3182.748562053986,76.30952368395748,235.30215809767355,806.801926699158,2184.0335443926633,3253.3162574078715,72.74123901101413,235.06591892961075,1041.5487899359382,2313.688521439625,3291.7804263474814
p08_carrier_1_lakakiaisto_hit,i,0.1494769051906104,68.4759081247462,237.48673430170575,266.5067617257428,2906.635548040944,3723.55308122013,72.06108815927469,221.70812223996106,253.80735161131244,2912.1102915696706,3716.6892128976974,73.0186643460595,222.45991640956754,260.21119863147277,2924.32507462465,3655.2322554260413,73.7346994822397,195.59525351454693,269.167800125755,2870.395358405751,3660.0647775566613,73.53954845939607,112.65860600751685,269.2594883451704,2823.3682739407955,3615.3876069527173,73.31453214001347,115.06650571579252,280.49540627030575,2805.060490629355,3549.0673678530443,75.11295015268593,117.58277828625724,308.08528770474817,2792.486520284031,3395.2856024471384,73.5924868499786,118.6977897146056,362.28187887584056,2721.1977512925114,3355.7851272204734,73.84812925327422,--undefined--,435.4372351053123,2501.702554650642,3240.203985811092,75.56938071400548,231.60514817219857,503.6400979424852,2308.665173727801,3042.5547954843773,75.94525137476784,224.37278825703513,628.7108691912969,2047.2986878573106,2871.620880387085
p08_carrier_1_lakakiaisto_hit,a,0.15094672375102913,75.94525137476784,224.37278825703513,628.7108691912969,2047.2986878573106,2871.620880387085,77.71288688319171,226.50179567662434,756.4685250189549,1886.575740139182,2903.2829448361267,78.17290504728825,236.50293503969743,845.0558045916113,1754.3757705337646,2869.7495931352705,79.45403774842413,236.64738099940897,903.0408227809459,1690.8390432291378,2780.031290715981,81.11409108455003,235.32228248706525,940.5000446187266,1716.7321134142107,2518.5586002462533,82.2245691738345,235.73205764535246,934.6548154318126,1732.7980581915067,2353.6606208390012,81.31241147703639,236.9712630930075,945.8162267231407,1762.468835412372,2950.3165350174304,79.75871485534907,237.32516815064295,922.6302323803665,1685.5420409104202,2618.7852569574206,77.88120817672923,236.67141254983974,904.3403778560984,1671.5453207111718,2753.5286910808577,76.32715534956422,235.1841663730748,838.8545632669486,1613.1849262668022,2543.787126005983,75.67855399119064,233.82406531603604,705.5132467234586,1724.1314639828825,2843.6698071949354
p08_carrier_1_lakakiaisto_hit,i,0.13582099611822152,75.67855399119064,233.82406531603604,705.5132467234586,1724.1314639828825,2843.6698071949354,74.51659173435296,235.50426253154174,682.9858667754675,1768.3719721991033,2741.050982566581,74.99031398649988,238.3072914927858,623.3000293893348,2153.8096944366885,3099.8626335432987,75.51427860113265,238.3186364110614,568.6599989239473,2194.994795444789,3291.867833719262,75.80682254660064,240.76777766525564,630.4304773017406,2213.922095678691,3152.128246531973,76.22363105223191,250.14078835899085,733.1853814608913,2203.917573592001,3139.0474039482997,75.19479191200963,271.4377491189319,693.8462072611153,2155.972795491333,2885.9604382127995,72.32125607551178,274.8331508251586,670.0226098760846,1551.4912721478668,3107.4592112968658,70.2359331680476,277.24869418582085,1191.7583979222886,2929.9264320071156,3390.0287306336186,70.94648971187064,276.2633236805808,733.2234555403159,2415.0996873976615,3380.668627149925,71.9530362359882,276.05820647149494,293.43065601783303,2086.849839076173,3254.6337597598967
p08_carrier_1_lakakuaisto_hit,u,0.14971664101207427,72.61774058230593,240.1972381434306,595.5504107741899,1347.9120858495157,3058.7342352720693,78.20218392714591,239.8219883327229,499.8367858945262,1206.3528285430011,3000.7582959267243,80.29860254214343,237.9537252218563,479.1780967361114,1021.305974748585,2749.7536918293786,80.49668843370657,235.67455337834141,487.8346251487478,1053.572749236352,2464.979323434629,80.46202950098589,232.76058333223256,473.01694031698577,956.8681431113721,2906.0818924937853,81.66073387600565,231.16520683901444,469.95969528681957,929.4904135055549,3054.7769828664536,81.74731315099253,230.25980189674206,474.81180001209896,925.0046193097144,3063.204140931914,80.2631656126361,229.24351266576855,484.4226691332685,922.198755115582,3234.0605722514533,79.75477573252961,229.15087506617678,609.713440585485,938.0448349470523,2902.0302168491157,81.43118264073868,229.86144179546085,818.6598525741472,1188.8252004221101,3846.578867432772,82.63956134998337,229.8850873106122,840.5066987457011,1296.7360248892896,1530.5381568629446
p08_carrier_1_lakakuaisto_hit,a,0.08388711487111578,82.63956134998337,229.8850873106122,840.5066987457011,1296.7360248892896,1530.5381568629446,82.86109631709935,229.60294326495904,862.7647919093248,1368.252259419564,1968.0182715814906,83.08404523868342,229.19972800447277,882.9748124204584,1460.0836029041302,2318.200621972887,83.34739824781595,228.80984272254662,896.5373313385807,1540.6193464312598,2451.8629215845926,83.58326410009197,228.6259881679885,902.7836705695166,1598.8061699567609,2483.18916865605,83.48142776090785,228.59218738875376,903.6650094820515,1643.7926566580982,2501.422625909114,82.82134146616109,228.7464641107029,899.4128938683497,1697.0015743313643,2514.80007084428,81.87743980272839,229.157150224786,893.177197841694,1785.6420101664958,2573.8319030397283,81.00227164088103,229.86230404065967,886.147647736378,1832.8840929703351,2628.569029486852,80.26253660155209,230.78745885235517,857.6208955866845,1877.9638980929808,2641.118962734389,79.4066463150437,231.93647663250476,838.4015285278304,1937.6866656419043,2610.831768090466
p08_carrier_1_lakakuaisto_hit,i,0.06926712288186643,79.4066463150437,231.93647663250476,838.4015285278304,1937.6866656419043,2610.831768090466,78.66491003856702,232.99942049250663,853.6266729943582,1999.2560810439968,2570.1731545897137,78.26252901894539,234.07235741581422,847.4324136794033,2157.3795543164724,2602.249111110927,78.26601397863959,235.08415814240257,805.9940642860493,2223.7932383304214,2681.0795030687054,78.65876329244665,235.92006381774544,751.4097809292545,2219.618567681834,2779.0389755558112,79.1288067309481,236.55384743352664,768.7416098307654,2181.7035787274776,2791.854552904224,79.31342648252328,236.94656547428488,692.4835723075407,2079.9459459210652,2694.490952950073,79.02813189413853,237.33369220573172,607.1531883788384,1975.0482434669607,2603.360985217251,78.29411829580059,237.69890191760626,614.2341698459138,1942.1410344113908,2670.687570134878,76.9758731551403,237.9224057138519,753.1629275222878,2010.6397600929322,2853.248514371101,74.50758332636289,236.88384216934543,851.843080573106,2095.9601842964,2839.208114337585
p08_carrier_1_lakapiaisto_hit,error,5.524988662131519,--undefined--,--undefined--,--undefined--,--undefined--,--undefined--,78.33710801521947,265.78309103647223,306.92169219415786,2606.680113642909,3140.6593689288384,49.5489725225123,--undefined--,620.5639628887794,1743.8707206447273,3340.666706158302,27.58620955539754,--undefined--,975.0394059088597,1976.6830746135256,3312.0083974018075,77.42290241665475,239.8483072067074,729.200801098185,1613.6836917718026,2542.2460925075943,66.31286025996417,238.7813108180771,862.0580108862985,1772.2837620097825,3162.889038252967,43.17402043246264,--undefined--,1151.7566181814757,2720.0981734272127,3818.651996031524,56.16921019993361,--undefined--,790.2532501441822,1407.217153829116,3081.5865842676953,76.63776079215864,225.43196300145593,579.8372062094867,1295.6961876006785,2892.397916294409,65.70068789736276,--undefined--,363.4397118393919,2703.6667810365648,3167.377878948795,--undefined--,--undefined--,--undefined--,--undefined--,--undefined--
p08_carrier_1_lakapuaisto_hit,j,0.12179372661175059,62.99654864050241,253.30429730231424,278.22185367880377,2576.819129008227,3225.12620295951,68.27075263920156,242.87575533097538,259.9522559180161,2596.0617803044593,3188.6444475491107,70.23524712429072,226.35203920624286,235.43573669125956,2523.2264113568112,3082.0324900637765,71.2108497245716,227.18380270098658,246.3537961965226,2495.5798617754126,3010.8763743531063,72.67393437336749,230.04223026818477,234.8128145157342,2480.9656610835814,2905.7218354533657,72.36505086720891,232.33485979839452,272.08477024465213,2351.722322057322,2828.8440842269333,70.91443946889778,235.32221525293633,354.7789101480275,2244.922849259724,2767.3626378947433,69.6253741763364,237.19096814384304,419.36870233633414,2115.286775531108,2740.335743039363,68.84588912243404,234.87510904154934,500.9462268973701,1779.1299326021506,2680.1302284092185,69.28619114615222,234.79165025076261,540.2461624169105,1824.6354720195127,2607.2517227918756,71.25170257769129,236.1277648498539,574.1507888280945,1431.9725876558457,2700.191320034223
p08_carrier_1_lakapuaisto_hit,u,0.08022238200170584,71.25170257769129,236.1277648498539,574.1507888280945,1431.9725876558457,2700.191320034223,72.95005111072636,236.22510189367537,500.81315701609964,842.786815976265,2774.130945409775,74.53064904732939,235.7029832681339,481.8310927289487,781.2894881324656,2618.6806644513345,75.70068426937688,234.75137217546177,530.1786783067886,816.7559862378213,2613.434240623956,76.28631097048675,233.48837596360738,558.099938164458,847.9363997109398,2666.4122128203344,76.28022615905135,231.95674177712627,505.79154415650345,847.059111544613,2666.279746105214,75.87485369253464,230.33951150284543,459.3967257264549,855.3018401316012,2705.178767188223,75.14165262524261,228.7139460184197,473.9787270900022,855.393373469804,2738.322719715913,73.92159671334076,227.07982148019275,645.0340185353564,1857.5046651501816,3330.59046862459,72.56464374726266,225.31578267228878,770.3464802122277,2098.327486578624,3534.8967585358246,72.37209921031015,224.87224229091686,729.0328472136134,808.4104704374549,2884.472768063339
p08_carrier_1_lakapuaisto_hit,a,0.09494208512128388,72.37209921031015,224.87224229091686,729.0328472136134,808.4104704374549,2884.472768063339,74.08597296950595,225.12422408651403,735.4828687773626,1028.543110201818,2793.7234275338706,75.22371637095301,225.41937879299076,739.8478956936499,1173.5828665221627,2860.9089090469415,75.13124110576265,225.76101331482883,786.269139415969,1274.2872360088995,2620.907847735362,75.80119106719215,226.13214725249156,844.6431541750333,1335.3561793241493,2819.372357801676,76.94123061248382,226.0031551916203,874.3240984178125,1381.1305216968278,2728.433960527029,77.7399536007168,225.26271626684522,899.4174277514733,1463.8256763711192,2639.718917106613,78.78943210970678,224.17810207723352,911.535108852952,1545.8486551053882,2605.495378280901,79.44830517270242,222.9772359094957,939.9785571029408,1617.6702409253328,2569.341608994718,78.71066949856404,222.17675439733068,973.7348304966114,1727.6781757152796,2581.810992218974,77.06139802597279,222.43609789147982,969.9153798171219,1788.4760156623715,2637.4683568954156
p08_carrier_1_lakapuaisto_hit,i,0.12216200304453562,77.06139802597279,222.43609789147982,969.9153798171219,1788.4760156623715,2637.4683568954156,76.88104107857858,224.6766418843099,915.3214506610876,1727.3146093808434,2696.4470125817256,75.60930354218966,227.23530192894938,894.2786163246215,1802.0682290400594,2728.2235684241414,73.51130910362185,228.79542855745214,846.1287533210029,1659.7357800848895,2558.6667560462256,71.68719392251548,228.8763330572889,898.0481774979833,1935.1572775717384,2885.106115985159,70.83821094323386,226.58860493692495,863.2831871917081,1947.2092788063046,2698.1498398018903,71.86924954318928,228.50699292598452,701.5275453966331,1703.8464750499982,2578.8073814296063,72.72848552169684,231.38580967190703,742.8571005149895,1592.6190435951323,2727.944861971381,72.21263248914055,234.95665847757806,688.5335932002498,1951.6367601492211,2939.57900107223,71.18590068277774,233.57756371224903,912.9617031083337,2188.674725249336,2985.924819037324,66.37199077432709,230.05220374046164,880.4608505672056,2021.5571067540966,2812.663533437551
p08_carrier_1_lakatiaisto_hit,i,0.1323245078158375,69.12168086191136,230.60577228519819,296.95476345240013,2609.6710354421934,3129.8441158747687,72.19826570703889,229.95272083590137,331.5095931569941,2747.337272237834,3164.3988471289035,73.16263450210153,226.79326762669595,357.3520602854467,2723.147833699793,3269.975085465626,74.61615298035481,225.13412991104144,385.8448367725596,2752.600385337452,3346.2963627568884,75.49000043191309,224.2725824595823,402.56815493455156,2730.808500688307,3325.8151816789064,75.32170422983044,224.14384517468378,431.7713562460977,2701.7080021959105,3279.7606547452033,75.3334724749853,224.24332977659583,456.46996033433567,2591.6077177582933,3191.4184622554085,75.89064707804543,222.99894776283944,490.7168598601268,2569.771818433477,3270.7058208204726,75.40582543276489,219.46507119845268,594.9548948598226,2312.47032857705,3131.5577548442943,77.10914861235892,215.95163836718365,710.3149603052891,2131.2834493713626,3050.7046916660693,77.73791189186066,213.27503663356921,845.3994897450107,1929.9106530061777,3033.075539740734
p08_carrier_1_lakatiaisto_hit,a,0.1599648999637,77.73791189186066,213.27503663356921,845.3994897450107,1929.9106530061777,3033.075539740734,82.10423970345238,213.0808877377272,879.3355980008804,1841.2840112446504,2873.39149460358,84.54614793273694,212.6873505514466,882.8950063954806,1780.5499768237605,2648.4544856378384,84.08595868643782,212.0201665814477,897.1807081518401,1792.2854834588722,2541.8650787625347,82.36925115493572,210.90892191074064,919.9515603582718,1773.5766426611888,2472.994694450656,81.26546828224471,211.1277486610949,924.2602532369096,1759.18925487974,2513.9311315503783,80.82071571946273,211.22797380060499,898.114846641623,1765.0724367592347,2552.559388584244,79.8919509940765,210.84369379592937,872.5002370600163,1791.2510233245578,2562.2930465945565,79.10616310734261,211.51285094785868,862.5427813530704,1845.4057231458721,2675.213990236595,76.39114155844469,212.58815375036227,891.316369226843,1900.591034366124,2734.197344130252,73.72023927257075,213.01702275164993,813.8624517420907,1886.755362694104,2756.0885149030205
p08_carrier_1_lakatiaisto_hit,i,0.17863222284185953,73.72023927257075,213.01702275164993,813.8624517420907,1886.755362694104,2756.0885149030205,72.94372462882278,212.8780247451912,718.903931068991,2074.2189745283754,2716.503539131175,72.61205496845625,212.99450839545784,530.9878640201355,1844.0097461564915,2638.819141948426,73.20402281502646,213.96567081452733,543.9048747163462,1908.4456700193477,2877.599364499371,72.13379697568729,227.06458651883028,524.7648032571444,1884.0136709637118,3021.116508620316,71.34467166049338,228.79212596506994,293.80385919069045,1778.5226594612714,3016.4755999257754,71.54427965862904,229.4658795600534,719.7082781467644,2320.008076853306,3133.4808998505046,71.24065885914081,231.8587871099742,1360.0110474503335,2705.7918837638254,3418.9529835423605,69.54624587389556,235.29172747646962,1993.512455247712,2962.2821493049823,3809.0472340160172,68.20591483045015,239.85718656381357,1777.4295865992995,2934.8565858286242,3471.2436753653437,65.65037949203217,249.35802872682007,2348.445623441959,3058.6338159062548,4063.9557011377983
p08_carrier_1_lakatuaisto_hit,u,0.16127948500425981,69.6598742060935,257.36744913958245,547.1396818644239,1863.8709355262374,3376.9589002905127,74.88635111665627,251.39108344715433,326.0148885623636,1564.8547037560363,3254.718496222993,76.60591075644011,248.80034767265963,344.31419054597325,1404.637540517855,3523.310665874132,75.98324171108342,244.95014230174587,393.8802095269509,1009.624701638489,3133.47065449759,76.22642295038952,241.12657467649805,432.5806982449121,954.7776911982387,3084.875682532293,77.13997076019241,237.4444170840915,455.1481242137584,932.6876975111853,3119.2851156004017,76.26880403730213,237.47014189684472,461.8535421158753,951.2844824951457,3222.090283725496,77.93218901161352,239.15823158961285,463.9311836111546,956.9527510228979,3054.6826335583137,80.3723288842341,239.84141736392922,480.4226751307777,958.6687807224439,3162.3419990980833,79.62582139821605,238.23213141328026,523.9821118553155,962.5744790458285,3179.4631659982497,77.7758054778084,237.14634036886713,763.3625388698387,1044.6648373742012,3496.550993573684
p08_carrier_1_lakatuaisto_hit,a,0.09128876228646154,77.7758054778084,237.14634036886713,763.3625388698387,1044.6648373742012,3496.550993573684,79.06343599579323,237.1661960902943,787.4796400896662,1217.7597667540276,3074.067435670383,80.50387104275728,236.74617037329313,784.0951932763319,1328.2345388611236,2920.3992676085554,81.05528631104292,235.60618941116,793.1251874644596,1379.9969438130177,2764.7048152306816,81.04644408148641,234.17593118555953,846.4785478557806,1425.4063517895374,2705.814724141431,81.17772047658946,232.85890408958556,891.8922800986859,1487.2686219675736,2662.615450190548,81.74556780214068,232.02923082234042,925.5383921996873,1560.566052711075,2626.893423999106,81.89323269960626,231.6016491521652,954.1207612918929,1625.5820536855178,2633.058705711125,80.78753346248044,231.26614120692224,940.2273099991631,1692.3210521060678,2630.4102911632053,79.30954226239501,231.1654648200115,899.7888856081113,1799.4004939664205,2636.4679278722133,78.84454699268127,231.38029649807967,901.973377958427,1855.3141104481278,2676.150098252628
p08_carrier_1_lakatuaisto_hit,i,0.08948649270018993,78.84454699268127,231.38029649807967,901.973377958427,1855.3141104481278,2676.150098252628,78.69222846802163,231.83932552268686,843.0402344474,1942.737639413011,2682.550537601641,78.3369388901761,232.54160511006182,852.3848842038632,2146.714596268434,2659.7414869546933,78.24730608254448,233.45995758394776,892.1695922919658,2213.353172987814,2791.991103845005,78.37731487928852,234.40449814944492,807.057324249467,1900.8223765690786,2603.2925135810406,78.4438631014347,235.25649861391497,700.336407129423,1889.652046969702,2458.7901055364673,78.27237882235765,235.61104789722174,649.2872280736228,2004.4102685592102,2644.3340687378854,77.66990316232955,235.13814600978594,646.3585171617102,1964.0802603308894,2835.4764599796,76.76331074214498,235.02096197665395,660.3370052256645,1940.6337632568432,2756.4594274275914,75.00839421639512,234.94134730604446,773.0449169894393,2087.1519501999046,3008.924342704756,71.70405462145122,235.14416266776053,1370.7196874739464,2541.5537127151238,3805.104645896769
p08_carrier_1_liamo_hit,j,0.21068730406154046,64.5567447345869,255.15900074550154,277.7615125949987,2280.458511546317,3341.2904913811226,70.43930678779027,223.76896706578268,240.63605752096217,2878.0848139679606,3397.464314004206,71.71309291675885,212.29511076597996,234.01485233199926,2879.1997388164473,3511.4221825263194,71.96977115543274,208.65964345631204,217.38655764977065,2935.308242971983,3664.494919939572,72.1210263671317,208.95978273133468,220.35369605440192,2950.1879335590115,3709.6468596254053,72.37856705016338,212.42398627909935,221.50508397943022,2879.600525304753,3727.10642552264,74.68092182261309,217.77092468758292,232.95257728321997,2893.751015202297,3692.481097830822,76.50744518937137,221.16455265885648,257.64261456641225,2903.47906738599,3575.1733478616425,74.73713142102015,225.04249842283963,397.59284657729074,2829.7155839988754,3413.264208022435,75.5809719915741,226.31399501236453,493.55999716472604,2381.1876400212386,3220.8048393705167,75.12886535895193,220.10969778517378,733.6771121631635,2009.8498765575898,3271.7403023713655
p08_carrier_1_liamo_hit,a,0.1674165619070922,75.12886535895193,220.10969778517378,733.6771121631635,2009.8498765575898,3271.7403023713655,78.34252498888574,218.97800804680114,880.8157848475269,1943.7401691104435,3281.8947845159523,78.46528006954951,218.53151687533753,922.6170039291991,1903.2941315280268,2842.536938546907,78.42598387635752,220.04721210562678,1066.5519136079583,1783.0011654379275,2664.48792906917,82.3143101704492,224.24983672933354,995.7348762865364,1686.543164169689,2825.9861968487976,83.86040388862247,229.56467456543277,956.1105183991125,1639.1584215335781,2641.194429365065,81.9720622336576,238.97220512196887,1001.3394856733823,1664.07486467875,2677.7303534722278,80.39475096993985,251.3276432563941,1002.9181009409883,1719.433024876176,2751.3493344720323,81.46654549987011,263.68734573325077,1029.2397719911537,1630.6907045454473,2682.5260244043184,81.22521932907102,269.63732590608817,866.083744457,1594.8982888283758,2733.066094507203,75.51131417480055,272.666820291336,987.0529370901733,1539.6272695290957,2576.5231041393927
p08_carrier_1_lifro_hit,i,0.15491852180066013,75.09290925919937,254.18164266182728,370.817636793451,2461.981375438149,2941.463943686385,77.61456951629883,256.16387542348053,320.9458616221099,2642.6217423434864,2954.2775057036956,77.95369458764473,258.45852347464904,287.64920371827475,2782.458672441557,3209.809399868903,77.9965390065996,266.96848475955267,284.9009666807962,2836.344648299397,3178.669483542302,77.71191217831434,274.41535710156273,308.8527308369439,2819.7917809099363,3288.5180340237766,77.82893056876603,279.98481253936353,359.77015329469623,2818.3330140240396,3253.614969630803,82.04584883998851,292.7574614612201,317.3469739234186,2799.5514326954267,3035.721583059709,82.91421191837117,303.76589944703824,324.6124290175181,2699.325844399456,3256.4805426115704,79.24836612069049,310.5002662258139,353.9899412874491,2423.64326987478,3086.613789676861,75.71346609353404,330.2403238171304,351.3751215398082,2363.6481225773855,3077.225659773625,71.58001526206871,309.729856198704,325.4235046386376,2281.6435221488287,3266.6289969564355
p08_carrier_1_lliape_hit,i,0.1439212837851691,72.2990658592082,229.51384226330313,356.338022289782,2511.515214914195,3033.5834144172104,73.61109329866913,231.4769186165559,392.272384479485,2558.7253924749352,3008.4705680313814,74.48748799431235,231.67886278751058,372.3318123636289,2653.7037100502394,3027.705414919881,74.72227985374359,230.53620468909767,390.5776899054731,2713.8586455458717,3234.202843962425,74.44905213176544,229.50111438289562,392.3708955357531,2715.504990802478,3253.736763358366,74.53517013569214,229.13890430166876,385.7401888821371,2659.4068600162673,3280.8827849836443,74.95402773244577,228.8970296424724,417.16175288418486,2691.0321234948265,3303.987619417055,75.63946062855211,228.2717919125702,442.3533448267095,2640.1613114215957,3303.0965662533126,78.18203762014383,239.0359299466182,464.26700037511796,2635.2269393273773,3273.854332792698,80.22514151419858,240.37051971925158,496.8453049591655,2630.6299503102364,3134.46462655974,78.50685056912316,229.35026779030713,595.3918153075158,2254.4369626297425,3020.2348756169013
p08_carrier_1_lliape_hit,a,0.17229427968889777,78.50685056912316,229.35026779030713,595.3918153075158,2254.4369626297425,3020.2348756169013,79.44723578637623,225.02474929258054,770.9971505718858,1946.7382607636807,3001.4622574579967,82.73887424261171,223.87162178761648,900.1778990530015,1846.064308979839,2973.061140199952,86.01468842617498,224.57952271660378,916.0099642590044,1788.4984602237291,2847.494256564053,85.31109793252179,225.6037287921819,937.289241201734,1740.4371357617342,2761.972340802077,83.71759744138598,228.44186884105707,941.6974421633192,1658.7482334146184,2720.002224646377,82.48069027457673,238.64215004687807,965.084835633898,1662.5104383559537,2645.082741279481,81.29320321270772,251.21473451804323,980.5471475775535,1702.5135169567202,2841.6887261970132,81.47463300263222,269.65519902945846,920.7539350547227,1672.7403317539736,2970.1401849339977,81.1892068517127,279.88097550536423,848.2293134216236,1673.301973261506,2919.6421979025913,74.81935503751352,279.5682742358753,948.4330338869627,1666.4019989615945,2819.029229880158
p08_carrier_1_manhiala_hit,i,0.08755335652168106,73.94426727689707,223.39312491928618,1387.4240649139203,3067.2231435435406,3621.0126767584047,74.06824086978402,222.74360716919975,1486.969077608416,3030.335868966927,3583.6963542178423,73.82679866524207,222.12530186751496,1724.968681760146,3180.4419245423896,3618.3746560689924,73.57535267382242,221.5884105385428,1575.4624151202263,3142.0990937198244,3621.058990279321,73.59725033760651,221.01964920566806,788.3474021754573,2392.0731732001814,3308.6616168557066,73.90267189840904,220.58096407715695,359.7735760524291,2158.103967808041,3199.517504072759,74.48794758680967,220.22890953736518,448.5386158163432,2454.3479834648324,3318.682196953994,75.40407547185761,219.8592089759419,537.5339274669072,2487.9814055335078,3340.0734911069103,76.58227953824688,219.39598275361914,615.4663726239527,2447.532444019078,3336.8052317435804,77.60615628604756,218.74405557350772,680.3216349863152,2324.0870678814995,3300.372208069781,77.86659590077694,217.73733861912962,748.4497623350017,2205.4851750043754,3221.255584257206
p08_carrier_1_manhiala_hit,a,0.12301405064360993,77.86659590077694,217.73733861912962,748.4497623350017,2205.4851750043754,3221.255584257206,78.38129030797391,216.05253004429912,838.0216897217762,2079.1151880977377,3219.503585502635,79.83804710264364,215.3997125149714,877.8124492756732,1979.737264914213,3216.734997267627,80.10102673280521,215.62411133779585,912.999507325678,1938.5838816132434,3231.5949431823383,79.4697333923813,216.33003291551518,950.082963368258,1921.612806407121,3247.3310356520224,79.38892164652363,217.72633634671257,973.6233306845257,1878.7471780760513,2979.2760304406843,80.2794229170927,220.17095999019273,1051.8108945888162,1799.7260333725887,2957.503226857974,82.0650109450773,223.31700050132255,986.7864901202471,1764.7029094059578,2924.5092442864807,83.69263185288392,226.97387357692372,924.6595349674295,1725.390758470828,2866.2723248676775,82.08190972812098,232.21098144339663,951.3468779170081,1788.4793291966812,2882.541013084645,79.51519882836143,241.27916931840662,917.427727242473,1817.8708206680615,3180.761773318029
p08_carrier_1_matio_hit,i,0.1897590581172377,72.33357513261625,245.31355257415336,295.75166418993064,2133.956345445049,3038.1118548030568,76.71487307327395,234.9245493725884,799.8441016582119,2882.0086905971116,3423.7618824775905,77.39214588206225,238.22174765113436,312.1269447451206,2840.1465516082153,3315.4906869882743,77.80808941062736,243.9144296354238,270.9820605112884,2914.2286991503056,3320.686694316623,78.89348122703731,251.31407314500186,309.48713673411095,2836.2808576448656,3264.1042292362845,80.48116058534369,256.85203882738415,268.3280392366147,2805.3964444088037,3340.6270198139964,80.62860332767818,262.8754784873524,289.8696869045566,2864.630165172862,3309.966041417791,81.33554403529301,268.63287348054047,312.7150582454604,2852.8936194902176,3251.6758320365716,80.81849872186248,272.12840410087153,473.7356656849957,2759.427635744562,3283.211740479869,79.5949357991882,272.9442128070752,618.6461292974556,2722.5498453133105,3105.3375191028117,78.83227863692237,270.0445099348898,607.5730373200918,2112.1176766967988,2994.3045784844016
p08_carrier_1_matio_hit,o,0.20252063220114547,78.83227863692237,270.0445099348898,607.5730373200918,2112.1176766967988,2994.3045784844016,80.26864741441031,248.57555233213887,600.7229556778746,1676.0286494487154,2970.2615965330265,80.55171844920835,234.81919080654907,661.5593167000305,1476.7954148780389,3008.348557181997,79.05192094553824,214.5515249569312,891.79489195098,1331.0974042931073,3112.23803591015,77.51159810324856,198.48919692188088,868.307738074332,1225.04631426273,3035.3801644182354,74.25038669747997,188.17869185834644,853.8485808337776,1378.8821420939305,3034.3923008942897,73.96829913884409,186.1660282468805,780.9163334252072,1401.723284472429,3050.215991254633,73.59457079051124,189.65243231774645,802.7077389051096,1459.1890153406898,3056.1429230894323,72.146374850209,204.28988455253003,821.8217610015863,1436.3017611552302,3037.1638149893106,71.5338565242661,214.1334187076844,859.9581130750425,1459.1141410633195,2962.5586197224543,71.4116279511836,219.78474993638955,943.6592034553677,1128.692438493113,3274.8493691017484
p08_carrier_1_mebochiana_hit,i,0.14491153744776364,74.90768200842035,230.25301072277313,290.72810022029535,2627.170754797853,3555.667853721639,77.51543026783317,230.42103674999214,258.11859703379304,2749.8650387089874,3405.898376237693,78.19267762466843,229.4179143521078,240.86521159455313,2832.6387208363317,3460.8309488810905,78.66942676379519,226.9651471972645,266.0614415387664,2848.8181475455303,3317.6322121705753,79.19387513794861,224.24935969113645,296.4112373518467,2872.1671008205562,3390.034116328185,79.30917346400446,223.024550375791,327.11612374055784,2847.743135848381,3374.9824870475745,78.89218318889714,223.2641175032194,349.24812373799466,2828.93301759406,3285.2987242513277,77.71685036895919,223.73864193357392,406.2421997982793,2833.9348458894588,3253.352202475711,78.54891051807749,224.63574707043915,452.34702860745466,2744.0445838224887,3322.2400565569187,78.84231071274449,224.25628483076648,558.4677276242065,2608.877330136196,3316.7739164777245,77.67705175780877,218.15959305769923,699.428128078245,2162.0303952931595,3213.030424862177
p08_carrier_1_mebochiana_hit,a,0.1483702666124429,77.67705175780877,218.15959305769923,699.428128078245,2162.0303952931595,3213.030424862177,77.34109316760436,216.55766206963636,794.6744360374008,1951.876478648684,3191.39806757609,77.8302312695642,215.7254694152023,830.5409629819152,1932.5945042592582,2885.440004098805,79.1078135147066,215.19950870388172,855.9120478277006,1958.6804916569715,2687.0969069412113,80.74302815684088,214.97502032878376,898.8738618538906,1927.7775025476333,2766.67904737399,81.2562795369143,215.0334558052099,929.8732436661397,1939.2202897442285,3125.9295378202905,80.78506916323069,215.5573028335332,908.641650419626,1914.8315854762136,2568.576704814457,80.18010268351698,216.31002732509762,925.3020499371241,1904.988422036487,3008.2463646129377,79.46321252952276,217.5909580811902,863.5641455970188,1912.1996815606863,3036.720335325493,78.32276165073016,220.15819528070128,785.0126071976711,1811.226434054308,2566.2260271136997,76.61394691794689,220.52557190339246,933.8186955471925,1795.2834138875132,2674.2848580878986
p08_carrier_1_nhiape_hit,i,0.1904453188254449,73.2365899697995,241.55990955185814,330.26747185828907,2161.2311518399842,2960.9238697817386,73.32110696715485,241.95485103946166,349.5592270093128,2040.0347574931955,3030.811948699301,74.52897007054759,242.16517683293142,355.87534427050025,3025.7993804700914,3476.9139991213056,75.21621108225924,241.45263083372163,332.13436270422994,3021.1903297046642,3414.7730078362156,74.72241455524471,240.59616534111348,360.3524443642372,3108.837825665927,3488.991272662586,74.31987194852393,238.86005142944092,353.4468721577874,3079.2345756089344,3679.5742274353847,73.84560368650898,234.92541454636088,388.73275409582294,3026.4844334776744,3568.9006660365267,72.75171355053307,229.32418050769263,633.5424778007514,3009.4410696907767,3474.0401922473643,72.31034599400667,226.69401968952147,663.752404840858,2747.4013923283837,3496.717179227591,74.4043057149197,224.04791039658113,716.1848640659589,2236.826652554166,3421.3695555041045,76.69529415121826,221.11726079071863,883.8973372774682,2001.8023809630547,3418.409907602271
p08_carrier_1_nhiape_hit,a,0.16067731303941946,76.69529415121826,221.11726079071863,883.8973372774682,2001.8023809630547,3418.409907602271,80.91671996689911,222.09223573945945,920.1195096953722,1893.348399890168,3203.0827943013496,82.96156991895234,222.163382355151,925.3710418087599,1813.3029185837074,2949.125084428615,83.1200631148686,222.4077623273423,950.8455841540833,1798.6293399512158,2936.8106722681373,83.1069440621232,224.23061629068687,950.4843701687294,1796.270461231065,2898.8600224259294,83.6710017672199,228.1696091494737,1019.351641645681,1707.4363303534217,2857.4716798677514,83.52720275117656,235.3433448871395,1024.3995164024093,1731.0643937836878,2825.8747419918764,82.24080567190425,242.05065570966855,1020.4315704397469,1760.9712820204095,2896.078420862776,80.83671548792431,251.89590040229407,1016.110109496589,1759.3067649952252,2891.1892401323576,79.37017484950366,256.67683178958947,954.0161584913369,1617.9356155649145,2844.4213558411834,76.21205833704,--undefined--,922.7559221314398,1609.6795020798509,2778.0861235252355
p08_carrier_1_pachialo_hit,i,0.07395166962635491,72.2766440881506,253.4418715159329,274.70593856756517,2426.5397076784507,3493.8771354775313,73.90423891814184,249.05127425720875,278.7728064058412,2587.3143853578913,3425.274923239196,74.73987884116072,248.19695233117938,325.5506709823882,2617.792311269678,3336.159835417539,75.84520400333447,247.35169913384868,384.9744467102734,2609.127878774018,3349.5449020308374,77.00316982721415,246.66403133198972,440.2445593284879,2572.11103908529,3357.9882215280886,78.19089888435151,246.19353265629974,477.89761746130995,2513.2407981788047,3276.8819252825206,79.344855821207,243.23166906143646,492.9561353058692,2440.372287918853,3237.758749758182,79.50946835268529,234.80541749550576,519.1049117541271,2355.6115004968738,3164.3061093568076,78.78401780292549,234.8775656769013,576.3220430575041,2251.7613426708076,3098.363697819387,78.91636098331111,234.91720911587507,693.5722061225314,2117.650580236261,3095.815330408211,80.39880187023694,234.7579552278897,739.4105145393787,1939.7340830197604,3102.8628413481542
p08_carrier_1_pachialo_hit,a,0.10316567520677133,80.39880187023694,234.7579552278897,739.4105145393787,1939.7340830197604,3102.8628413481542,82.3611529548608,234.6231582819592,797.6890352474176,1839.9867899282824,3075.2377148577098,82.84730854134772,235.57072589480023,876.4789778133463,1839.4936608385506,2897.9446394977826,83.13098804439893,238.75149484985545,945.0199065871784,1800.1140910678423,2810.4121231227596,83.54363037665955,243.48108854741662,964.7702790686446,1776.4390078009137,2671.8294724468774,83.67460576902351,248.65946129438473,947.06081481827,1790.3317024041687,2760.757384829245,83.84638233366348,253.8092839553219,967.6895895968025,1771.8352219679932,2762.4949981013524,83.79029412268866,259.9640660175729,965.0261001466725,1764.9219959505588,2746.115846647575,83.62712825205263,266.901635907078,895.7613561865164,1739.2764267421571,2743.234893848553,82.53206822729626,271.80342782100666,842.1160656988028,1744.9491951213429,2799.38825981373,79.51063692878589,275.704017665522,853.6546099828976,1760.9268460126475,2731.771486032158
p08_carrier_1_palufaro_hit,a,0.16471080283965467,71.6291415523281,228.36858576510826,697.0806042922187,1351.6836696451335,3014.9607890786247,75.74812057677035,223.4039706705211,865.8429154772339,1471.7676872328398,2993.040003157492,78.01194756842848,219.40736490604246,905.7612133588658,1590.4250476562759,2981.1523723077694,77.32626252516764,217.06362773570888,1028.4432602546472,1670.0641211032355,2975.337234656759,79.2820880783166,215.16263547448818,934.0091695704083,1631.4750662766348,2944.485209238258,80.40318124359439,213.72735485188926,917.1680250999638,1635.0723231337938,2946.1033505338655,80.91213667063798,212.6456794891937,917.0287135418233,1652.1120356241563,2968.691409211988,82.02852980080544,212.24958666329755,887.0618557080517,1650.6971141091053,2999.735908027576,80.956321499953,211.90929912893563,867.6410083718517,1642.263613655575,3022.654554647383,78.77096717535797,211.8813058567209,870.079697553841,1580.5550090583956,2953.8290835633948,74.56868022981607,211.06014783720863,809.5638681958563,1577.5912940925255,2909.6171254840074
p08_carrier_1_palufauto_hit,a,0.09667785383646721,77.90781803451654,224.01470780911023,808.0607026624476,1517.4033319176935,2356.6630988952224,79.76769437697982,220.74756798809693,887.0827198754027,1589.1623972835102,2675.1167043729106,80.42790886433795,215.7163631584039,919.6319042651066,1723.4915114789035,2744.2779987277117,81.74221359726064,211.70628733468757,940.5551668391515,1687.1134269623753,2708.280169472973,83.07261634458472,210.37234501754386,919.2021867746028,1674.3637893450698,2639.0863525265645,82.5940374147386,210.23580103998916,972.7929832676117,1646.0561793745164,2636.135376212129,81.57977356720905,211.20548276451336,929.57629194826,1622.6671300470696,2675.2992616049833,80.62449992381293,213.44760826934393,940.3211868613726,1610.5722807197983,2720.496113638134,79.98453142323297,215.75990482350332,986.4622188620737,1510.010935039967,2797.467640043493,80.40398764413774,216.36342034251314,977.5040328076614,1471.3869249245295,2870.7158100410647,79.93261505847828,216.31257846023965,892.5834578946061,1447.4270891626886,2938.802055037577
p08_carrier_1_palufauto_hit,u,0.0916649280819839,79.93261505847828,216.31257846023965,892.5834578946061,1447.4270891626886,2938.802055037577,79.08794098425396,216.63764211291726,770.6648735436775,1450.2704214240855,2919.6538892763315,79.39612309011298,216.71893198638168,706.7241190103988,1430.7134284496092,2971.933926706146,79.41996014839373,216.29611209645964,690.8041164699584,1398.1517834010144,3048.1589508877396,78.42526124041935,216.30325793034385,688.5592609475068,1340.8680945511833,2971.484041160441,77.57462105020531,216.8414269642235,681.6779402145582,1269.9514596893903,2804.016228481298,77.08547147262094,218.26205837209935,663.6898897885621,1250.8013252908333,2734.678380043739,76.07433259064072,219.65170242377565,725.0077868770434,1212.0662082085103,2650.730952222868,74.52270575739352,220.3383540669185,805.3416830555888,1239.5938472121732,2778.2140068625663,73.70777505448403,220.4455193136108,683.9455282087836,1234.7057967153278,2796.447737609735,72.76210332274081,219.97883236583183,843.4453279477424,1346.1309748037022,2810.7947201540014
p08_carrier_1_palulapi_hit,a,0.13399538742917994,70.62187379773145,210.87487145684548,623.8101523472108,1913.1983420238007,3190.4690614097162,73.23870263458797,209.14321325988357,795.3224403234337,1884.9164230877884,3176.9403577913417,77.04024319897809,208.32286215157288,851.1333977045542,1840.470706002237,3063.425323305245,79.53034336627651,206.86310299853548,864.1255263613924,1793.628604427263,2978.2235350065007,79.27364802765017,204.65013167381892,917.156031788968,1778.20292667119,2905.819551996037,79.33450220402102,202.7121614956668,1022.1139673159447,1877.6771614533332,2868.388254364636,80.10936390968527,202.65689474572685,1039.872607475184,1921.7977448966074,2770.1054156826476,79.79546945146383,203.72457849159474,994.8718079810311,1880.9050278112302,2850.8539104805195,79.58222371592737,203.97006624915446,926.7797007834057,1718.9250468362907,2827.244047086535,78.587921213991,203.00593482893294,877.8049630678593,1726.2431572188484,2812.6813554051523,75.23105061568819,202.1787082858905,787.8322958309585,1653.1369604716779,2721.8253018902974
p08_carrier_1_paluparo_hit,a,0.15952161722268343,72.52763030238299,227.9970111834696,691.2237397220432,1424.4923070853208,2935.729866718654,75.13109462101238,220.1380779441764,864.262426055699,1576.5227185361819,2908.4989220163416,75.88003336883601,218.18072399896985,993.2715173283663,1616.4877943952617,2865.7307612230397,77.61920804422526,215.53379010251066,898.6997228911243,1703.9123661724202,2768.87773722211,80.25208988955343,213.02647387633255,891.3275906141796,1670.7711458774754,2824.39729290808,78.3101911347878,211.30013246406142,979.7957591472416,1718.6370720013535,2943.112910969268,79.5198820976456,210.87395378176538,911.1857026302009,1702.8310304567417,2929.009184587906,79.03676129351503,209.53001428458228,886.4046609650419,1670.0704166209773,2931.9787891688934,79.02349276157791,208.2483685075718,915.2903816520123,1608.4130190890721,2877.0622716136704,77.50027029512849,207.87448473252473,845.2651976024362,1643.7293772070468,2900.896352627457,74.44084759419506,208.452426700251,890.7976850477842,1548.3910989914407,2884.0121649295133
p08_carrier_1_palutrauco_hit,error,5.216303854875283,--undefined--,--undefined--,--undefined--,--undefined--,--undefined--,45.615604796913615,--undefined--,1269.4961879439343,2626.547651821283,3872.534211263465,76.1325292483816,246.94330279096198,726.8038510406719,1135.0795378684961,2992.2507956668032,30.43208497843982,--undefined--,1290.0808757279804,1989.7061835499678,3019.0102091030244,79.63519309407071,219.918324123445,546.2463190677273,1685.465840064554,3004.4605677922027,79.30603231343596,209.87830834376604,859.7922860170286,2003.9044305089622,2903.0972199598523,81.62606903730068,299.80356964361187,627.1176403894875,1016.3428623212801,3148.0834263586635,33.03749366409871,--undefined--,906.9149488548968,1787.9522562805726,3185.226836397421,60.089758191267535,--undefined--,1530.9119381159087,2738.8933598702893,3939.020732238316,32.72841665386531,--undefined--,1088.885504898452,2456.024697054458,3573.138477500887,--undefined--,--undefined--,--undefined--,--undefined--,--undefined--
p08_carrier_1_polafo_hit,a,0.14387108164307727,80.52063980766265,226.9147266746647,898.6128790430769,1733.966129792876,2967.7421953845264,83.53241548149104,227.41203148040722,923.5467652734446,1648.2063096426675,2864.607334782378,81.71952723974343,227.09577890354424,943.0200460985756,1623.668590854348,2912.7918896442243,78.84268433341424,128.0244528093364,974.4579033030604,1645.378897796615,2878.175535001945,78.57357219101323,127.96240347199992,989.7049386835712,1588.1121451147108,2795.861223107957,78.6428697302473,128.07916755582957,967.1817187907899,1575.047636216954,2701.8861106521767,79.08111123568158,260.55488651830785,960.8074452258227,1557.9758836413246,2860.0868156746687,79.27936211559046,270.9294210151599,912.8061191561987,1563.0101411572393,3027.2517162929876,79.7970721954649,283.8325124541165,854.3132137783588,1512.7256231294398,2933.2132047628265,79.920070612031,296.99239228314764,886.4358234348163,1487.0030765485906,3087.225391758879,76.42391130404685,303.60507286492765,935.5769672708313,1564.014573333135,3121.6465777176345
p08_carrier_1_rausto_hit,a,0.12040333308151707,74.72548669957331,233.85191877664832,722.9917789990153,1781.7558508468035,2794.580626004146,77.46410328427187,189.36122667160848,829.2842537296605,1759.4681549325664,2585.0856753373228,80.29154251279122,114.32477536208914,926.267838906178,1746.4710187212106,2550.8795987989693,83.07209565283934,113.70684225977743,939.2905180160274,1725.8132099937982,2523.6424122977105,83.86168358839427,113.019492227897,941.9599189880006,1706.1773328053755,2506.1839025056743,82.72583522595002,111.72195103869159,980.8329597819101,1689.5124371778,2487.3523426030656,81.15529961503644,155.0936638209311,1039.0208202266554,1681.937197581082,2481.6154203311485,80.53554669539872,221.19476509244294,1023.8427068091592,1650.7452281240376,2525.2391662534105,80.35230318116076,221.1750994183892,1139.3733624802487,1582.2235650518426,2584.2621882944654,80.17623346101792,221.1319054086802,1062.9511445104972,1610.5482687112326,2680.659591735314,78.66902212879826,220.66515791834289,1240.0100928829495,1407.7720063092445,2636.6497448669106
p08_carrier_1_rausto_hit,u,0.11019657100355418,78.66902212879826,220.66515791834289,1240.0100928829495,1407.7720063092445,2636.6497448669106,77.7192452412703,220.3584284508694,1285.9574952410662,1373.0045350364114,2649.773228749359,77.09590576947602,220.51877939555567,1237.3624719715363,1354.8262194064382,2741.192907172564,75.76329042961927,220.65482008934973,1113.4647803470878,1431.83488861395,2764.256446550747,73.9462466215689,220.78852790354964,955.0815346474038,1543.3663119036664,3048.71290479983,73.28291718094793,221.17449822013137,895.1427791581021,1550.4379074433205,2982.633991176645,72.80166791948957,221.63551698526499,869.0748101732695,1548.5845887771754,2942.123002386999,72.27546617350708,222.43934965637098,854.9183397309655,1505.1765163087834,2893.5648991985627,72.77267614521543,223.68494251209447,816.9406300261052,1452.7950073588152,2777.741514438356,73.11578526983953,224.57644985403266,781.4529025888322,1352.6758142485087,2753.3334204089533,71.21281701576558,224.8309714461448,749.9163985002415,1295.5896548007668,2707.7547652773633
p08_carrier_1_ruyiola_hit,error,3.209795918367347,--undefined--,--undefined--,--undefined--,--undefined--,--undefined--,28.17349862325048,--undefined--,1012.3802221850161,1642.6943068320086,3216.828101449462,65.34095732856528,258.0980263920613,1691.815226992659,2930.5553733525826,3728.633149003068,53.79583032978855,--undefined--,982.3787483892305,2441.3031457862617,3875.6951785012743,76.61546899164269,247.29117576837098,436.79024371419234,1212.545586497457,2484.7138771272025,78.0473106228163,249.0849461823093,597.6761286239497,2022.0740755253798,2816.1815820617294,60.72936705171227,226.78051716272202,946.1423952234203,2358.454259616067,3711.8030334638556,38.620101557993806,--undefined--,980.7282763506618,2448.0571677120693,3474.419776532592,71.9102587207724,215.71043600854836,497.85592194213444,2155.9899660859687,2919.2020927675667,62.342898693771915,248.73810477728145,273.2839587198058,2557.9742810137363,2880.8685035032336,--undefined--,--undefined--,--undefined--,--undefined--,--undefined--
p08_carrier_1_tulaifo_hit,a,0.09535342726183305,76.77865464174232,222.75328162498957,669.9113960138445,1793.7927996829576,3102.8819568849267,77.99680767300597,222.45242278687206,780.1904011576785,1797.5398390295022,3090.6738980558343,79.4468526613521,222.74925088534656,842.2152327841962,1802.4166758788556,3063.9680330423357,81.13957011058483,223.07792304972884,874.8893049256551,1811.3915866574612,3012.4156084740657,82.37395804457007,223.4725876693622,881.7785968742512,1816.8552803002503,2962.2135717997658,83.04119530050106,224.2250603787162,889.2366460936211,1829.0980795056844,2936.2175499386167,83.1539441435951,225.4747773058175,896.4575797134407,1865.705099063753,2930.685448155762,82.3605269045529,227.06510212342872,894.7628017251881,1917.5099605996334,2936.8730260401085,80.6886747037924,229.41895562127962,871.5014309667711,1992.645375078605,2958.351167656783,79.04428597970045,232.86526145458964,849.1224389717606,2050.0670008529414,2993.338433084652,77.72753617581084,240.2806706296249,765.3004723084223,2105.110432670173,2993.4817020376267
p08_carrier_1_tulaifo_hit,i,0.09877517656064772,77.72753617581084,240.2806706296249,765.3004723084223,2105.110432670173,2993.4817020376267,76.86627874617699,256.02648044997676,738.53589641053,2126.434503194317,2998.5490108207846,76.9523462323983,268.2008658956948,666.8916839249681,2214.4821783176317,3016.385630808852,76.91046679353784,278.1615484130817,691.3708764604642,2192.429403148888,3051.296392168602,76.35277106924566,292.2631584887613,669.3812733030858,2306.2759741510567,2992.8733935702135,76.93627717345417,293.35000551560756,618.4287340756167,2021.87509248588,3083.752327869461,77.72240151811802,296.43183092246585,493.52649422653815,1901.384558476659,2982.280069425937,77.18086365700648,305.93173798953217,430.5468564738757,1988.342992435726,2972.886631433395,75.90982271603309,318.1468604475834,402.14492866320427,2026.877368869673,3018.6828123282107,73.88473598923154,321.45739868052425,404.0320627184984,1954.3365389030146,2945.16818930224,70.23754366815312,315.80636503788963,513.8591441219221,2032.7603743326915,2964.20121371654
