participant,exp,task,item,status,TextGridLabel,duration,time_course_segment,sex,f0,f1,f2,f3,in,is_palatal,f1norm,f2norm,pre_c
p03,carrier,1,chiaba,hit,i,60.13,0,m,121.75,971.03,2688.34,3376.04,73.17,palatal,2.960310437481429,1.3097125597840078,ch
p03,carrier,1,chiaba,hit,i,60.13,10,m,120.44,322.31,2437.95,3198.92,75.83,palatal,-0.5229380358046871,0.5932137922013934,ch
p03,carrier,1,chiaba,hit,i,60.13,20,m,119.58,325.7,2372.5,3233.61,77.38,palatal,-0.5047357107269341,0.4059265828947839,ch
p03,carrier,1,chiaba,hit,i,60.13,30,m,118.92,330.6,2325.86,3229.52,78.29,palatal,-0.4784255653343116,0.27246477323763707,ch
p03,carrier,1,chiaba,hit,i,60.13,40,m,118.65,336.53,2283.64,3184.53,78.88,palatal,-0.44658491999181177,0.15165093096223425,ch
p03,carrier,1,chiaba,hit,i,60.13,50,m,118.4,345.15,2249.25,3026.82,79.2,palatal,-0.4003005417705046,0.0532428770576614,ch
p03,carrier,1,chiaba,hit,i,60.13,60,m,118.17,359.69,2246.31,2967.84,79.31,palatal,-0.322229212380968,0.04482997567704347,ch
p03,carrier,1,chiaba,hit,i,60.13,70,m,117.84,378.44,2265.71,2979.02,79.28,palatal,-0.22155263562348457,0.10034367866479366,ch
p03,carrier,1,chiaba,hit,i,60.13,80,m,117.51,409.92,2237.81,2938.15,79.39,palatal,-0.05252337501945355,0.02050696148137985,ch
p03,carrier,1,chiaba,hit,i,60.13,90,m,117.53,441.87,2209.69,2883.92,79.79,palatal,0.11902951177529825,-0.05995929254003879,ch
p03,carrier,1,chiaba,hit,i,60.13,100,m,117.51,472.1,2192.5,2804.07,80.46,palatal,0.281347000595497,-0.10914901183691632,ch
p03,carrier,1,costonhialo,hit,i,61.53,0,m,108.28,377.11,3171.34,3313.12,77.4,palatal,-0.228693960801482,2.69183207231407,nh
p03,carrier,1,costonhialo,hit,i,61.53,10,m,108.13,477.14,3022.05,3412.93,77.23,palatal,0.3084088644279084,2.2646340971057617,nh
p03,carrier,1,costonhialo,hit,i,61.53,20,m,107.95,427.57,2827.92,3441.55,77.17,palatal,0.04224684256825744,1.7091250681876229,nh
p03,carrier,1,costonhialo,hit,i,61.53,30,m,107.94,378.18,2369.35,3376.63,77.2,palatal,-0.22294868415452165,0.39691275998697895,nh
p03,carrier,1,costonhialo,hit,i,61.53,40,m,107.91,387.09,1163.39,3068.69,77.27,palatal,-0.17510717487936564,-3.0539792634721388,nh
p03,carrier,1,costonhialo,hit,i,61.53,50,m,107.89,405.69,1444.91,3120.83,77.36,palatal,-0.07523601073594192,-2.248401033311759,nh
p03,carrier,1,costonhialo,hit,i,61.53,60,m,107.91,430.04,2586.94,3381.38,77.44,palatal,0.05550930361311007,1.0195533080851498,nh
p03,carrier,1,costonhialo,hit,i,61.53,70,m,107.96,469.78,2668.4,3401.95,77.54,palatal,0.2688899521647041,1.2526536300120623,nh
p03,carrier,1,costonhialo,hit,i,61.53,80,m,108.1,492.36,2608.99,3327.93,77.63,palatal,0.39013139766784977,1.0826500684397822,nh
p03,carrier,1,costonhialo,hit,i,61.53,90,m,108.16,487.1,2320.84,3100.33,77.68,palatal,0.3618882620014838,0.2580998872067864,nh
p03,carrier,1,costonhialo,hit,i,61.53,100,m,108.14,491.3,2173.63,2915.99,77.61,palatal,0.38443981519516,-0.16314610335128926,nh
p03,carrier,1,falufialo,hit,i,64.8,0,m,116.58,332.53,2719,2941.82,72.46,other,-0.4680625897000749,1.397447102753307,other
p03,carrier,1,falufialo,hit,i,64.8,10,m,115.01,345.42,2686.56,2922.83,75.07,other,-0.3988507990651967,1.304619034458327,other
p03,carrier,1,falufialo,hit,i,64.8,20,m,113.23,368.84,2466.9,2939.12,76.05,other,-0.2730990429233162,0.6760551170207426,other
p03,carrier,1,falufialo,hit,i,64.8,30,m,111.11,392.89,2361.12,2962.41,76.27,other,-0.14396455380238404,0.3733623591834128,other
p03,carrier,1,falufialo,hit,i,64.8,40,m,110.46,417.49,2342.61,2990.02,76.37,other,-0.01187688509656559,0.32039541885850364,other
p03,carrier,1,falufialo,hit,i,64.8,50,m,109.86,445.03,2223.94,2953.25,76.41,other,0.13599687084482595,-0.01918247462377919,other
p03,carrier,1,falufialo,hit,i,64.8,60,m,108.24,474.39,2137.07,2904.86,76.34,other,0.2936429665034775,-0.2677636797034611,other
p03,carrier,1,falufialo,hit,i,64.8,70,m,107.44,505.78,2085.4,2843.59,76.26,other,0.4621889795390724,-0.41561899070227776,other
p03,carrier,1,falufialo,hit,i,64.8,80,m,106.99,529.75,2037.19,2859.23,76.37,other,0.5908939152658395,-0.5535734041579182,other
p03,carrier,1,falufialo,hit,i,64.8,90,m,106.5,554.23,1995.26,2864.88,76.39,other,0.7223372538804099,-0.6735574024195862,other
p03,carrier,1,falufialo,hit,i,64.8,100,m,106.26,580.38,1962.83,2845.8,76.34,other,0.8627475195981801,-0.7663568554037476,other
p03,carrier,1,falukiago,hit,i,59.5,0,m,118.84,340.32,2488.06,3054.43,77.11,other,-0.4262348279432323,0.7366051147125354,other
p03,carrier,1,falukiago,hit,i,59.5,10,m,116.07,352.67,2515.19,3073.25,78.99,other,-0.35992252271896974,0.8142384529629303,other
p03,carrier,1,falukiago,hit,i,59.5,20,m,114.45,364.61,2635.8,3226.44,79.71,other,-0.2958116786398043,1.1593677167439882,other
p03,carrier,1,falukiago,hit,i,59.5,30,m,113.39,389.57,2573.29,3127.01,79.77,other,-0.1617910196602424,0.9804934088179956,other
p03,carrier,1,falukiago,hit,i,59.5,40,m,112.99,417.9,2441.3,2933.76,79.95,other,-0.00967542395146879,0.6027999213255677,other
p03,carrier,1,falukiago,hit,i,59.5,50,m,112.59,450.54,2126.71,2499.93,80.22,other,0.16558236086795866,-0.2974091417113527,other
p03,carrier,1,falukiago,hit,i,59.5,60,m,112.19,484.25,2043.47,2476.64,80.45,other,0.3465854223343462,-0.5356029889639456,other
p03,carrier,1,falukiago,hit,i,59.5,70,m,111.84,519.17,2218.74,2912.08,80.58,other,0.5340854788874831,-0.03406243624936242,other
p03,carrier,1,falukiago,hit,i,59.5,80,m,111.52,542.91,2025.32,2704.48,81.02,other,0.661555448606025,-0.5875397780993924,other
p03,carrier,1,falukiago,hit,i,59.5,90,m,111.29,562.63,1753.9,2374.35,81.44,other,0.7674403602677624,-1.364216544333159,other
p03,carrier,1,falukiago,hit,i,59.5,100,m,110.95,573.64,1636.19,2421.08,81.56,other,0.8265576461397567,-1.7010473679768727,other
p03,carrier,1,liamo,hit,i,83.04,0,m,118.52,354.9,2140.83,2995.64,76.77,other,-0.3479487218566133,-0.25700432283573293,other
p03,carrier,1,liamo,hit,i,83.04,10,m,117.64,364.74,2197.43,2933.02,78.1,other,-0.29511365437428577,-0.0950416636034319,other
p03,carrier,1,liamo,hit,i,83.04,20,m,116.84,375.05,2214.04,2971.72,78.28,other,-0.2397549607012375,-0.04751163233402297,other
p03,carrier,1,liamo,hit,i,83.04,30,m,116.64,374.18,2308.28,3162.7,78.07,other,-0.24442635386278477,0.22215905681884124,other
p03,carrier,1,liamo,hit,i,83.04,40,m,116.89,385.77,2329.75,3096.29,77.98,other,-0.18219480588309245,0.2835961291460051,other
p03,carrier,1,liamo,hit,i,83.04,50,m,117.3,405.65,2339.17,3051.14,78.19,other,-0.07545078743302466,0.3105517519369643,other
p03,carrier,1,liamo,hit,i,83.04,60,m,117.64,429.54,2337.27,3063.25,78.6,other,0.05282459489957718,0.3051148428814628,other
p03,carrier,1,liamo,hit,i,83.04,70,m,118.03,458.3,2309.07,3035.04,79.02,other,0.2072490401019891,0.22441966637349692,other
p03,carrier,1,liamo,hit,i,83.04,80,m,118.22,508.15,2334.96,3007.41,79.33,other,0.47491449884121834,0.29850470608240615,other
p03,carrier,1,liamo,hit,i,83.04,90,m,117.9,555.18,2168.95,2852.63,79.44,other,0.7274382004361221,-0.1765380688143143,other
p03,carrier,1,liamo,hit,i,83.04,100,m,117.08,578.27,2037.27,2862.24,79.26,other,0.8514180488270713,-0.5533444816713711,other
p03,carrier,1,lliape,hit,i,182.83,0,m,111.46,313.83,2403.58,3406.31,75.84,palatal,-0.568470695586205,0.4948629689184573,j
p03,carrier,1,lliape,hit,i,182.83,10,m,107.93,288.81,2423.51,3450.36,73.26,palatal,-0.7028135196113909,0.5518932833795848,j
p03,carrier,1,lliape,hit,i,182.83,20,m,107.02,281.4,2699.98,3593.05,72.52,palatal,-0.7426009027459485,1.3430207815766575,j
p03,carrier,1,lliape,hit,i,182.83,30,m,105.57,279.19,3292.79,3593.71,71.17,palatal,-0.7544673152597637,3.0393650222038753,j
p03,carrier,1,lliape,hit,i,182.83,40,m,105.97,263.09,3475.82,3901.21,71.33,palatal,-0.840914935835523,3.5631110561135597,j
p03,carrier,1,lliape,hit,i,182.83,50,m,107.36,263.4,3519.35,3744.22,71.58,palatal,-0.8392504164331326,3.6876735041061752,j
p03,carrier,1,lliape,hit,i,182.83,60,m,108.42,279.2,3381.03,3891.15,72.05,palatal,-0.7544136210854931,3.2918665248656827,j
p03,carrier,1,lliape,hit,i,182.83,70,m,108.92,294.08,3483.81,3874.38,73.73,palatal,-0.6745166897707543,3.585974689457483,j
p03,carrier,1,lliape,hit,i,182.83,80,m,110.37,303.73,3316.03,3624.29,76.01,palatal,-0.6227018115995693,3.1058670045459023,j
p03,carrier,1,lliape,hit,i,182.83,90,m,113.36,320.16,3154.05,3705.29,78.02,palatal,-0.5344822832728784,2.642356199909009,j
p03,carrier,1,lliape,hit,i,182.83,100,m,116.63,348.81,2683.16,3296.47,79.15,palatal,-0.3806484739874438,1.2948898287800614,j
p03,carrier,1,manhiala,hit,i,137.2,0,m,108.57,235.69,1460.27,3243.56,77.85,palatal,-0.9880369733371256,-2.204447915894655,nh
p03,carrier,1,manhiala,hit,i,137.2,10,m,110.01,276.74,3220.22,3436.47,78.23,palatal,-0.7676223879560748,2.8317037115945443,nh
p03,carrier,1,manhiala,hit,i,137.2,20,m,110,341.14,3180.16,3546.24,78.7,palatal,-0.4218319056530384,2.7170707764559228,nh
p03,carrier,1,manhiala,hit,i,137.2,30,m,110.17,385.63,3226.22,3545.56,78.95,palatal,-0.1829465243228816,2.848872898085601,nh
p03,carrier,1,manhiala,hit,i,137.2,40,m,110.71,393.13,3197.01,3444.2,79.36,palatal,-0.1426758936198882,2.7652875751849746,nh
p03,carrier,1,manhiala,hit,i,137.2,50,m,110.71,439.2,3005.22,3347,79.56,palatal,0.1046931672450325,2.2164745289983467,nh
p03,carrier,1,manhiala,hit,i,137.2,60,m,111.09,488.58,2960.87,3217.65,79.67,palatal,0.36983499979354095,2.08956562551862,nh
p03,carrier,1,manhiala,hit,i,137.2,70,m,111.97,495.21,2598.98,3214.91,80.1,palatal,0.405434237334987,1.054006142310537,nh
p03,carrier,1,manhiala,hit,i,137.2,80,m,112.53,519.99,1998.44,2790.22,80.92,palatal,0.5384884011776774,-0.6644577335793259,nh
p03,carrier,1,manhiala,hit,i,137.2,90,m,112.02,535.69,2044.05,2861.89,81.1,palatal,0.6227882547826105,-0.533943300936477,nh
p03,carrier,1,manhiala,hit,i,137.2,100,m,111.41,550.73,1951.37,2938.75,80.8,palatal,0.7035442928856797,-0.799150001601666,nh
p03,carrier,1,mebochiana,hit,i,83.25,0,m,116.54,1008.41,2715.94,3484.69,71.75,palatal,3.161019260905148,1.3886908176428685,ch
p03,carrier,1,mebochiana,hit,i,83.25,10,m,116.14,338.54,2488.11,3137.2,76.05,palatal,-0.43579239096340927,0.736748191266628,ch
p03,carrier,1,mebochiana,hit,i,83.25,20,m,113.7,357.04,2455.68,2918.89,77.76,palatal,-0.3364581685626923,0.6439487382824659,ch
p03,carrier,1,mebochiana,hit,i,83.25,30,m,112.71,371.64,2539.96,2986.42,78.17,palatal,-0.258064674127532,0.8851185778601759,ch
p03,carrier,1,mebochiana,hit,i,83.25,40,m,112.09,383.57,2195.39,2900.23,78.24,palatal,-0.19400752422263712,-0.10087918701039106,ch
p03,carrier,1,mebochiana,hit,i,83.25,50,m,111.49,411.09,2349.92,2997.51,78.29,palatal,-0.0462411566297868,0.3413132110667742,ch
p03,carrier,1,mebochiana,hit,i,83.25,60,m,110.99,449.16,2360.34,3017.85,78.35,palatal,0.15817256481860792,0.3711303649395762,ch
p03,carrier,1,mebochiana,hit,i,83.25,70,m,110.63,483.89,2310.5,2981.34,78.5,palatal,0.3446524320606024,0.22851165582053165,ch
p03,carrier,1,mebochiana,hit,i,83.25,80,m,110.47,513.98,2236.29,2938.88,78.88,palatal,0.5062182024410121,0.01615743423697887,ch
p03,carrier,1,mebochiana,hit,i,83.25,90,m,110.53,541.56,2142.54,2927.23,79.36,palatal,0.654306735079486,-0.2521111046857817,ch
p03,carrier,1,mebochiana,hit,i,83.25,100,m,110.66,559.79,2038.32,2916.04,79.6,palatal,0.7521912147748954,-0.5503398740354363,ch
p03,carrier,1,nhiape,hit,i,122.44,0,m,123.21,251.58,1532.32,3444.27,82.52,palatal,-0.90271693042105,-1.9982746014478825,nh
p03,carrier,1,nhiape,hit,i,122.44,10,m,122.93,259.63,2157.27,3467.38,82.52,palatal,-0.8594931201331706,-0.2099607518502375,nh
p03,carrier,1,nhiape,hit,i,122.44,20,m,122.08,269.43,2361.94,3436.06,82.22,palatal,-0.8068728293479258,0.3757088146705243,nh
p03,carrier,1,nhiape,hit,i,122.44,30,m,121.18,274.81,2537.75,3371.43,81.76,palatal,-0.7779853635903119,0.8787945941693033,nh
p03,carrier,1,nhiape,hit,i,122.44,40,m,120.51,292.01,2363.88,3090.93,81.32,palatal,-0.6856313838447804,0.38126018496929953,nh
p03,carrier,1,nhiape,hit,i,122.44,50,m,120.16,313.95,2214.46,3055.28,81.11,palatal,-0.5678263654949571,-0.04630978927964879,nh
p03,carrier,1,nhiape,hit,i,122.44,60,m,120.01,335.83,2443.12,3092.75,81.05,palatal,-0.45034351219075774,0.6080079078945207,nh
p03,carrier,1,nhiape,hit,i,122.44,70,m,120.01,393.91,2688.96,3139,81.09,palatal,-0.1384877480267767,1.31148670905475,nh
p03,carrier,1,nhiape,hit,i,122.44,80,m,119.87,384.05,2462.33,3065.2,81.15,palatal,-0.19143020385764545,0.6629779199767206,nh
p03,carrier,1,nhiape,hit,i,122.44,90,m,119.79,413.68,2397.48,3050.41,81.12,palatal,-0.03233436549368625,0.47740762931921665,nh
p03,carrier,1,nhiape,hit,i,122.44,100,m,119.77,450.8,2310.97,2952.71,81.1,palatal,0.16697840939899572,0.2298565754289972,nh
p03,carrier,1,pachialo,hit,i,88.06,0,m,116.85,296.59,2577.6,3213.01,74.88,palatal,-0.6610394520288192,0.9928266077807376,ch
p03,carrier,1,pachialo,hit,i,88.06,10,m,115.94,315.42,2486.46,2989.53,76.94,palatal,-0.5599333218771703,0.7320266649815872,ch
p03,carrier,1,pachialo,hit,i,88.06,20,m,115.23,320.78,2378.41,2964.98,77.63,palatal,-0.5311532444680979,0.4228382315884744,ch
p03,carrier,1,pachialo,hit,i,88.06,30,m,114.71,326.36,2410.35,3004.68,77.8,palatal,-0.5011918952250706,0.5142355343425329,ch
p03,carrier,1,pachialo,hit,i,88.06,40,m,114.33,334.69,2408.34,3241.67,77.71,palatal,-0.45646464805761267,0.5084838568680295,ch
p03,carrier,1,pachialo,hit,i,88.06,50,m,114.07,339.77,2398.68,3057.97,77.63,palatal,-0.4291880075281186,0.48084146661742744,ch
p03,carrier,1,pachialo,hit,i,88.06,60,m,113.78,351,2315.29,2981.11,77.6,palatal,-0.3688894498221697,0.24221838970255843,ch
p03,carrier,1,pachialo,hit,i,88.06,70,m,113.49,377.24,2234.69,2912.62,77.58,palatal,-0.22799593653596345,0.01157898450603068,ch
p03,carrier,1,pachialo,hit,i,88.06,80,m,114.08,418.45,2217.52,2898.56,77.96,palatal,-0.00672224436658254,-0.03755350416921004,ch
p03,carrier,1,pachialo,hit,i,88.06,90,m,113.9,466.62,2205.12,2942.92,78.69,palatal,0.2519225930951764,-0.07303648958406077,ch
p03,carrier,1,pachialo,hit,i,88.06,100,m,113.35,512.67,2089.77,2904.85,79.25,palatal,0.4991842656115556,-0.4031140998746251,ch
p03,carrier,2,piano,hit,i,91.53,0,m,116.43,322.52,2144.42,2825.89,78.08,other,-0.5218104581450034,-0.24673142625191696,other
p03,carrier,2,piano,hit,i,91.53,10,m,114.51,312.69,2149.1,2887.31,79.18,other,-0.5745918314530599,-0.23333946078889323,other
p03,carrier,2,piano,hit,i,91.53,20,m,113.71,311.83,2227.06,2940.9,79.3,other,-0.5792095304403366,-0.01025449764843003,other
p03,carrier,2,piano,hit,i,91.53,30,m,112.78,327.05,2251.83,2980.55,79.33,other,-0.4974869972003952,0.06062562724881556,other
p03,carrier,2,piano,hit,i,91.53,40,m,112.35,350.26,2257.43,2916.24,79.22,other,-0.3728628187181984,0.07665020130713487,other
p03,carrier,2,piano,hit,i,91.53,50,m,112.28,380.95,2244.62,2891.82,79.35,other,-0.2080753978815495,0.03999398814872902,other
p03,carrier,2,piano,hit,i,91.53,60,m,112.89,412.43,2238.08,2883.39,79.83,other,-0.03904613727751848,0.02127957487347735,other
p03,carrier,2,piano,hit,i,91.53,70,m,113.82,437.57,2228.97,2819.25,80.2,other,0.09594101683891527,-0.00478897328211073,other
p03,carrier,2,piano,hit,i,91.53,80,m,113.85,459.4,2195.22,2760,80.09,other,0.2131553992717613,-0.10136564729430454,other
p03,carrier,2,piano,hit,i,91.53,90,m,113.87,485.13,2131.43,2742.24,79.59,other,0.35131050967016403,-0.2839027150050553,other
p03,carrier,2,piano,hit,i,91.53,100,m,114.22,513.98,2053.09,2689.75,79.14,other,0.5062182024410121,-0.5080750599566178,other
p04,carrier,1,chiaba,hit,i,65.69,0,m,NA,1818.25,2980.01,3582.26,74.56,palatal,11.982779244708222,2.6747711698271055,ch
p04,carrier,1,chiaba,hit,i,65.69,10,m,NA,663,2388.2,3105.88,77.69,palatal,1.5414391661602265,0.7798859109017967,ch
p04,carrier,1,chiaba,hit,i,65.69,20,m,NA,566.33,2301.74,3101.32,79.53,palatal,0.6677197587650874,0.5030541921294168,ch
p04,carrier,1,chiaba,hit,i,65.69,30,m,NA,593.85,2288.67,3122.58,80.15,palatal,0.916450058666962,0.46120604773484214,ch
p04,carrier,1,chiaba,hit,i,65.69,40,m,NA,611.13,2294.93,3088.56,80.14,palatal,1.072629549303023,0.48124961192076665,ch
p04,carrier,1,chiaba,hit,i,65.69,50,m,NA,622.99,2174.72,3134.36,80.56,palatal,1.1798221858159674,0.09635554629934878,ch
p04,carrier,1,chiaba,hit,i,65.69,60,m,118.09,632.28,2031.68,3119.69,81.27,palatal,1.2637867383627843,-0.3616366935017285,ch
p04,carrier,1,chiaba,hit,i,65.69,70,m,117.69,638.23,1889.07,2948.1,81.86,palatal,1.3175638199186046,-0.8182521389577673,ch
p04,carrier,1,chiaba,hit,i,65.69,80,m,117.02,666.98,1888.34,2944.47,82.05,palatal,1.5774110627303377,-0.8205894874970207,ch
p04,carrier,1,chiaba,hit,i,65.69,90,m,117.49,690.17,1864.77,2964.9,82.07,palatal,1.7870061083235231,-0.8960570286890744,ch
p04,carrier,1,chiaba,hit,i,65.69,100,m,117.96,684.31,1691.01,2939.68,82.14,palatal,1.7340424616147665,-1.4524100179776325,ch
p04,carrier,1,costonhialo,hit,i,69.73,0,m,110.57,489.92,2509.73,3759.44,73.72,palatal,-0.0228864263912447,1.1690064149777553,nh
p04,carrier,1,costonhialo,hit,i,69.73,10,m,111.2,510.24,2540.33,3745.58,74.01,palatal,0.16076908574560464,1.2669829427875494,nh
p04,carrier,1,costonhialo,hit,i,69.73,20,m,113.08,528.97,2558.76,3766.56,74.64,palatal,0.33005391558434444,1.32599298878541,nh
p04,carrier,1,costonhialo,hit,i,69.73,30,m,114.23,547.8,2551.37,3797.18,75.46,palatal,0.5002425619198199,1.3023313371346124,nh
p04,carrier,1,costonhialo,hit,i,69.73,40,m,114.95,570.93,2467.39,3783.44,76.4,palatal,0.7092953176149639,1.0334401997010654,nh
p04,carrier,1,costonhialo,hit,i,69.73,50,m,115.28,608.95,2454.29,3778.49,77.16,palatal,1.052926349674168,0.9914959998870688,nh
p04,carrier,1,costonhialo,hit,i,69.73,60,m,115.49,667.81,2447.01,3746.57,77.6,palatal,1.58491273965325,0.9681865514408178,nh
p04,carrier,1,costonhialo,hit,i,69.73,70,m,115.57,759.83,2406.22,3653.68,77.92,palatal,2.4166046799501446,0.8375831995008978,nh
p04,carrier,1,costonhialo,hit,i,69.73,80,m,115.53,798.35,2419.35,3661.72,78.29,palatal,2.76475479449303,0.8796234547343165,nh
p04,carrier,1,costonhialo,hit,i,69.73,90,m,115.3,828.92,1934.35,3262.8,78.68,palatal,3.041051497545366,-0.6732724925777841,nh
p04,carrier,1,costonhialo,hit,i,69.73,100,m,114.67,858.34,903.76,2397.09,79.03,palatal,3.3069543108852346,-3.9730643159600056,nh
p04,carrier,1,falufialo,hit,i,39.71,0,m,NA,1049,2593.18,2971.24,72.66,other,5.030170843562975,1.4362005733348573,other
p04,carrier,1,falufialo,hit,i,39.71,10,m,119.82,414.65,2297.05,2629.14,75.35,other,-0.7031891034847813,0.48803752822654434,other
p04,carrier,1,falufialo,hit,i,39.71,20,m,119.82,435.23,2288.15,2941.77,77.29,other,-0.5171836684564166,0.4595410871315385,other
p04,carrier,1,falufialo,hit,i,39.71,30,m,120.1,455.81,2279.24,3254.39,78.75,other,-0.3311782334280526,0.4310126275633915,other
p04,carrier,1,falufialo,hit,i,39.71,40,m,120.42,471.97,2286.67,3294.79,79.74,other,-0.18512148755543983,0.454802353106751,other
p04,carrier,1,falufialo,hit,i,39.71,50,m,120.57,485.16,2305.06,3152.58,80.37,other,-0.06590809163590029,0.5136843252120485,other
p04,carrier,1,falufialo,hit,i,39.71,60,m,120.39,498.72,2303.72,3006.89,80.65,other,0.05664942532156419,0.509393849811227,other
p04,carrier,1,falufialo,hit,i,39.71,70,m,120.21,516.48,2076.93,2821.34,80.7,other,0.21716723514196004,-0.2167531025411672,other
p04,carrier,1,falufialo,hit,i,39.71,80,m,119.99,534.23,1850.13,2635.79,80.54,other,0.3775946633126823,-0.9429320733667012,other
p04,carrier,1,falufialo,hit,i,39.71,90,m,119.76,550.87,1705.16,2544.86,80.6,other,0.5279897283696298,-1.4071038784838872,other
p04,carrier,1,falufialo,hit,i,39.71,100,m,119.62,566.63,1623.83,2527.55,80.85,other,0.6704312082552963,-1.667510120535214,other
p04,carrier,1,falukiago,hit,i,38.98,0,m,NA,436.73,2445.38,3379.49,70.99,other,-0.5036264210053697,0.9629675403189232,other
p04,carrier,1,falukiago,hit,i,38.98,10,m,NA,453.5,2325.95,3387.43,72.69,other,-0.3520563945026649,0.5805709156024601,other
p04,carrier,1,falukiago,hit,i,38.98,20,m,NA,476.59,2264.63,3482.66,74.1,other,-0.1433651654062157,0.3842336383051868,other
p04,carrier,1,falukiago,hit,i,38.98,30,m,NA,501.79,2222.78,3607.11,75.29,other,0.08439659177137357,0.25023632821238007,other
p04,carrier,1,falukiago,hit,i,38.98,40,m,NA,527.55,2185.01,3695.23,76.24,other,0.317219721330686,0.12930255516087902,other
p04,carrier,1,falukiago,hit,i,38.98,50,m,NA,555.8,2165.41,3621.74,76.97,other,0.5725478816587369,0.06654634780558472,other
p04,carrier,1,falukiago,hit,i,38.98,60,m,NA,584.04,2145.82,3548.24,77.66,other,0.8277856603371144,0.00382215892343302,other
p04,carrier,1,falukiago,hit,i,38.98,70,m,NA,605.83,2128.99,3584.87,78.28,other,1.0247272749759906,-0.0500649313719551,other
p04,carrier,1,falukiago,hit,i,38.98,80,m,NA,623.62,2113.87,3689.57,78.81,other,1.185516229745407,-0.09847686276032376,other
p04,carrier,1,falukiago,hit,i,38.98,90,m,NA,641.63,2097.43,3786.25,79.23,other,1.3482935808076442,-0.15111523260323306,other
p04,carrier,1,falukiago,hit,i,38.98,100,m,NA,663.31,2057.05,3738.25,79.48,other,1.544240997300109,-0.280405827144392,other
p04,carrier,1,liamo,hit,i,52.17,0,m,118.88,431.19,2358.36,3217.67,73.74,other,-0.5536978549245699,0.684342787050678,other
p04,carrier,1,liamo,hit,i,52.17,10,m,118.75,418.07,2415.43,3198.99,76.22,other,-0.672278579296394,0.8670722132632576,other
p04,carrier,1,liamo,hit,i,52.17,20,m,117.8,414.66,2457.28,3163.68,77.86,other,-0.7030987218351071,1.0010695233560658,other
p04,carrier,1,liamo,hit,i,52.17,30,m,117.56,428.21,2472.61,3099.36,79.15,other,-0.5806315865273167,1.050153842680384,other
p04,carrier,1,liamo,hit,i,52.17,40,m,118.35,442.81,2464.71,3048.01,80.14,other,-0.4486743780037928,1.0248592488994237,other
p04,carrier,1,liamo,hit,i,52.17,50,m,118.87,458.7,2428.13,3012.68,80.93,other,-0.3050579366723689,0.9077356741516373,other
p04,carrier,1,liamo,hit,i,52.17,60,m,119.13,477.87,2433.64,2993.62,81.43,other,-0.13179631424798868,0.9253778528520274,other
p04,carrier,1,liamo,hit,i,52.17,70,m,119.13,499.94,2476.39,2988.94,81.67,other,0.06767598658174878,1.0622568255274756,other
p04,carrier,1,liamo,hit,i,52.17,80,m,118.93,525.74,2423.7,2868.92,81.73,other,0.3008606427397565,0.8935514905504144,other
p04,carrier,1,liamo,hit,i,52.17,90,m,118.76,553.89,2310.91,2676.25,81.96,other,0.5552849865710708,0.5324151319992149,other
p04,carrier,1,liamo,hit,i,52.17,100,m,118.59,577.4,2224.64,2630.08,82.41,other,0.7677722449538134,0.25619176421650375,other
p04,carrier,1,lliape,hit,i,83.95,0,m,117.89,354.22,1996.53,3218.93,74.31,palatal,-1.2493654124626257,-0.4741816265904305,j
p04,carrier,1,lliape,hit,i,83.95,10,m,118.27,352.23,2317.95,3502.92,75.15,palatal,-1.2673513607476814,0.5549561370900955,j
p04,carrier,1,lliape,hit,i,83.95,20,m,119.78,353.85,2477.48,3507.92,76.54,palatal,-1.2527095335005507,1.0657468390997855,j
p04,carrier,1,lliape,hit,i,83.95,30,m,120.12,367.78,2521.71,3474.27,78.08,palatal,-1.1268078955051617,1.2073645458000213,j
p04,carrier,1,lliape,hit,i,83.95,40,m,122.1,395.15,2514.64,3343.27,79.22,palatal,-0.8794333203483916,1.1847274852897185,j
p04,carrier,1,lliape,hit,i,83.95,50,m,123.8,436.61,2438.47,3150.77,79.99,palatal,-0.5047110008014535,0.9408427753788672,j
p04,carrier,1,lliape,hit,i,83.95,60,m,124.44,486.22,2371.75,3078.93,80.68,palatal,-0.05632763677049376,0.7272155225857477,j
p04,carrier,1,lliape,hit,i,83.95,70,m,124.48,541.99,2332.51,2971.75,81.19,palatal,0.4477308234594318,0.6015750339826003,j
p04,carrier,1,lliape,hit,i,83.95,80,m,124.04,595.73,2246.41,2833.57,81.83,palatal,0.9334418088056076,0.3258959802432757,j
p04,carrier,1,lliape,hit,i,83.95,90,m,123.8,635.2,2119.03,2751.73,82.22,palatal,1.29017818006749,-0.08195533061984762,j
p04,carrier,1,lliape,hit,i,83.95,100,m,122.72,663.47,2012.13,2781.77,81.87,palatal,1.545687103694888,-0.4242328084913191,j
p04,carrier,1,manhiala,hit,i,70.48,0,m,113.64,451.72,2339.33,3055.98,74.75,palatal,-0.3681443281445737,0.6234116326643901,nh
p04,carrier,1,manhiala,hit,i,70.48,10,m,113.68,444.47,2657.07,3182.29,74.86,palatal,-0.4336710241579673,1.6407665982292297,nh
p04,carrier,1,manhiala,hit,i,70.48,20,m,113.66,452.15,2685.21,3106.43,74.98,palatal,-0.36425791720860734,1.7308665816464714,nh
p04,carrier,1,manhiala,hit,i,70.48,30,m,113.72,471.47,2510.02,3124.6,75.17,palatal,-0.18964057003912213,1.1699349506988284,nh
p04,carrier,1,manhiala,hit,i,70.48,40,m,113.89,498.53,2431.99,3081.96,75.39,palatal,0.05493217397776442,0.920094804783852,nh
p04,carrier,1,manhiala,hit,i,70.48,50,m,114.21,530.36,2404.05,3008.74,75.79,palatal,0.34261696488898113,0.8306351908294202,nh
p04,carrier,1,manhiala,hit,i,70.48,60,m,114.33,565.74,2394.38,2926.14,76.35,palatal,0.6623872414343419,0.7996733273025992,nh
p04,carrier,1,manhiala,hit,i,70.48,70,m,114.29,592.95,2260.47,2905.44,76.81,palatal,0.908315710196334,0.3709139534787562,nh
p04,carrier,1,manhiala,hit,i,70.48,80,m,114.17,628.7,2197.9,2848.94,77.02,palatal,1.2314301077796197,0.17057436703892598,nh
p04,carrier,1,manhiala,hit,i,70.48,90,m,114.02,677.05,2250.1,2735.85,77.19,palatal,1.6684253839516991,0.33771079683210403,nh
p04,carrier,1,manhiala,hit,i,70.48,100,m,113.81,708.59,1999.07,2828.88,77.39,palatal,1.9534891070223803,-0.4660489344127548,nh
p04,carrier,1,mebochiana,hit,i,27.2,0,m,NA,515.87,2270.4,3217.39,77,palatal,0.2116539545118675,0.4027082973072297,ch
p04,carrier,1,mebochiana,hit,i,27.2,10,m,NA,514.2,2256.22,3120.76,78.33,palatal,0.19656021901636891,0.3573061023940626,ch
p04,carrier,1,mebochiana,hit,i,27.2,20,m,NA,512.53,2242.03,3024.14,79.37,palatal,0.18146648352086933,0.31187188900775725,ch
p04,carrier,1,mebochiana,hit,i,27.2,30,m,113.59,521.81,2235.44,3014.05,80.06,palatal,0.2653406544180129,0.2907717152081965,ch
p04,carrier,1,mebochiana,hit,i,27.2,40,m,113.57,532.69,2229.94,3016.58,80.53,palatal,0.36367588926294114,0.27316155498094585,ch
p04,carrier,1,mebochiana,hit,i,27.2,50,m,112.79,543.57,2224.45,3019.1,80.98,palatal,0.4620111241078683,0.2555834132268349,ch
p04,carrier,1,mebochiana,hit,i,27.2,60,m,112.01,554.56,2221.43,3031.6,81.38,palatal,0.5613405570992047,0.24591383433841735,ch
p04,carrier,1,mebochiana,hit,i,27.2,70,m,111.24,566,2228.52,3084.87,81.72,palatal,0.6647371643258567,0.2686149317950009,ch
p04,carrier,1,mebochiana,hit,i,27.2,80,m,110.49,577.43,2235.61,3138.14,82.01,palatal,0.768043389902834,0.29131602925158445,ch
p04,carrier,1,mebochiana,hit,i,27.2,90,m,109.79,588.86,2242.7,3191.42,82.25,palatal,0.8713496154798124,0.31401712670816656,ch
p04,carrier,1,mebochiana,hit,i,27.2,100,m,109.09,601.13,2249.66,3245.73,82.43,palatal,0.9822478996293764,0.3363019840139238,ch
p04,carrier,1,nhiape,hit,i,71.03,0,m,118.53,379.41,2117.8,3762.93,77.32,palatal,-1.0216940369347105,-0.08589360281612374,nh
p04,carrier,1,nhiape,hit,i,71.03,10,m,118.77,392.06,2115.23,3525,77.08,palatal,-0.907361250097548,-0.09412235041322135,nh
p04,carrier,1,nhiape,hit,i,71.03,20,m,118.79,399.24,2228.17,2929.35,76.98,palatal,-0.8424672256318699,0.2674942852350853,nh
p04,carrier,1,nhiape,hit,i,71.03,30,m,118.64,431.02,2379.2,2881.26,77.2,palatal,-0.5552343429690221,0.7510692850753866,nh
p04,carrier,1,nhiape,hit,i,71.03,40,m,118.33,451.45,2342.32,2848.22,77.56,palatal,-0.3705846326857625,0.6329851561333871,nh
p04,carrier,1,nhiape,hit,i,71.03,50,m,118.56,461.15,2180.76,2809.11,77.85,palatal,-0.2829144325023256,0.11569470407618536,nh
p04,carrier,1,nhiape,hit,i,71.03,60,m,119.33,472.65,2278.35,2823.97,78.06,palatal,-0.17897553537763233,0.42816298345389137,nh
p04,carrier,1,nhiape,hit,i,71.03,70,m,120.62,485.26,2414.41,2761.61,78.09,palatal,-0.06500427513916414,0.8638063290029312,nh
p04,carrier,1,nhiape,hit,i,71.03,80,m,120.7,500.86,2528.42,2959.04,78.02,palatal,0.07599109835172439,1.228848941277267,nh
p04,carrier,1,nhiape,hit,i,71.03,90,m,120.72,522.07,2562.12,3787.52,78.07,palatal,0.26769057730952867,1.3367511957606022,nh
p04,carrier,1,nhiape,hit,i,71.03,100,m,120.8,551.56,2538.82,3075.79,78.22,palatal,0.5342260621971108,1.2621481533433412,nh
p04,carrier,1,pachialo,hit,i,40.22,0,m,127.65,525.17,2234.75,2913.78,78.45,palatal,0.2957088887083582,0.2885624405615049,ch
p04,carrier,1,pachialo,hit,i,40.22,10,m,127.63,527.86,2218,2865.44,79.77,palatal,0.32002155247056957,0.2349314980512416,ch
p04,carrier,1,pachialo,hit,i,40.22,20,m,127.58,532.52,2197.12,2804.75,80.54,palatal,0.3621394012184885,0.1680769261339698,ch
p04,carrier,1,pachialo,hit,i,40.22,30,m,127.52,542.2,2165.79,2712.77,80.8,palatal,0.4496288381025787,0.06776304978492238,ch
p04,carrier,1,pachialo,hit,i,40.22,40,m,127.13,551.89,2134.45,2620.79,80.87,palatal,0.5372086566363415,-0.03258284503726619,ch
p04,carrier,1,pachialo,hit,i,40.22,50,m,126.73,568.27,2070.82,2644.42,80.76,palatal,0.6852537988017742,-0.23631638962998455,ch
p04,carrier,1,pachialo,hit,i,40.22,60,m,125.37,586.36,1998.94,2697.61,80.82,palatal,0.8487542030614008,-0.46646517456358033,ch
p04,carrier,1,pachialo,hit,i,40.22,70,m,123.22,601.27,1936.49,2724.89,81.03,palatal,0.9835132427248072,-0.6664205393257262,ch
p04,carrier,1,pachialo,hit,i,40.22,80,m,121.18,609.11,1895.03,2694.52,81.36,palatal,1.0543724560689465,-0.7991691289660556,ch
p04,carrier,1,pachialo,hit,i,40.22,90,m,120.81,616.94,1853.57,2664.14,81.79,palatal,1.1251412877634115,-0.931917718606385,ch
p04,carrier,1,pachialo,hit,i,40.22,100,m,120.43,626.05,1805.25,2651.68,82.15,palatal,1.2074789706161029,-1.0866309808210666,ch
p04,carrier,2,piano,hit,i,79.74,0,m,NA,393.89,2382.43,2713.9,72.08,other,-0.890821408207271,0.7614112518997538,other
p04,carrier,2,piano,hit,i,79.74,10,m,137.3,386.8,2559.25,2817.34,75.78,other,-0.954901997825886,1.3275618939692917,other
p04,carrier,2,piano,hit,i,79.74,20,m,136.67,392.1,2488.73,2814.26,77.17,other,-0.9069997234988534,1.1017676213827985,other
p04,carrier,2,piano,hit,i,79.74,30,m,136.17,411.03,2406.78,2576.53,77.73,other,-0.7359072606666412,0.8393762339967645,other
p04,carrier,2,piano,hit,i,79.74,40,m,134.71,431.47,2535.06,2633.04,78.17,other,-0.5511671687337076,1.2501092074425293,other
p04,carrier,2,piano,hit,i,79.74,50,m,132.75,458.21,2438.68,2754.27,78.56,other,-0.30948663750637767,0.941515163314817,other
p04,carrier,2,piano,hit,i,79.74,60,m,132.62,493.2,2386.23,2826.05,79.37,other,0.00675875470171105,0.7735782716931275,other
p04,carrier,2,piano,hit,i,79.74,70,m,132.73,530.42,2365.11,2838.82,80.85,other,0.3431592547870225,0.7059552564204855,other
p04,carrier,2,piano,hit,i,79.74,80,m,132.8,562.28,2302.44,2813.78,82.1,other,0.63111519064726,0.5052954852492495,other
p04,carrier,2,piano,hit,i,79.74,90,m,132.79,586.29,2203.07,2782.41,82.21,other,0.8481215315136849,0.1871279176525418,other
p04,carrier,2,piano,hit,i,79.74,100,m,132.67,643.83,2102.14,2768.66,81.13,other,1.3681775437358468,-0.13603453175407831,other
p05,carrier,1,chiaba,hit,i,130.49,0,f,NA,356.72,3018.33,3863.9,75.79,palatal,-0.8008515577643174,0.6591601781711085,ch
p05,carrier,1,chiaba,hit,i,130.49,10,f,99.06,356.19,2955.82,3764.88,75.17,palatal,-0.8043926801426097,0.5410678982843117,ch
p05,carrier,1,chiaba,hit,i,130.49,20,f,97.85,368.8,2957.15,3647.23,75.5,palatal,-0.7201406929911712,0.5435804999840307,ch
p05,carrier,1,chiaba,hit,i,130.49,30,f,96.57,362.24,3004.22,3643.66,76.18,palatal,-0.7639704341262573,0.6325039300635621,ch
p05,carrier,1,chiaba,hit,i,130.49,40,f,96.18,355.5,3058.65,3638.98,76.5,palatal,-0.8090028205973672,0.7353316823310139,ch
p05,carrier,1,chiaba,hit,i,130.49,50,f,95.62,373.01,3115.01,3589.4,76.93,palatal,-0.6920121548541724,0.8418055408243734,ch
p05,carrier,1,chiaba,hit,i,130.49,60,f,95.63,384.76,3144.84,3223.5,76.58,palatal,-0.6135061398637363,0.8981596075180729,ch
p05,carrier,1,chiaba,hit,i,130.49,70,f,95.61,410.15,3060.12,3149.42,75.94,palatal,-0.44386633385461494,0.7381087684201767,ch
p05,carrier,1,chiaba,hit,i,130.49,80,f,95.56,449.57,3069.75,3140.72,76.3,palatal,-0.18048700526542363,0.7563015160655113,ch
p05,carrier,1,chiaba,hit,i,130.49,90,f,95.62,485.82,2696.48,3167.74,76.73,palatal,0.06171240268379454,0.05112945858119207,ch
p05,carrier,1,chiaba,hit,i,130.49,100,f,97.84,536.55,1892.58,3188.65,76.78,palatal,0.4006579465531416,-1.4675776890911212,ch
p05,carrier,1,costonhialo,hit,i,95.25,0,f,186.1,438.19,2548.08,3713.86,75.58,palatal,-0.25652091595403337,-0.2292239942295697,nh
p05,carrier,1,costonhialo,hit,i,95.25,10,f,185.91,470.28,3381.39,3828.76,75.11,palatal,-0.04211597799291871,1.3450437669681106,nh
p05,carrier,1,costonhialo,hit,i,95.25,20,f,185.25,451.15,3434.97,3875.47,74.83,palatal,-0.16993045176032678,1.4462657211567935,nh
p05,carrier,1,costonhialo,hit,i,95.25,30,f,184.54,442.72,3264.4,3861.26,74.79,palatal,-0.22625434166410327,1.1240292761033468,nh
p05,carrier,1,costonhialo,hit,i,95.25,40,f,184.4,451.37,3103.44,3723.98,74.51,palatal,-0.16846055190518652,0.8199477952110273,nh
p05,carrier,1,costonhialo,hit,i,95.25,50,f,184.18,512.13,2940.23,3583.68,73.92,palatal,0.23749906263259263,0.511615672345499,nh
p05,carrier,1,costonhialo,hit,i,95.25,60,f,183.7,601.72,2891.41,3443.15,73.95,palatal,0.836082371823502,0.4193861873979152,nh
p05,carrier,1,costonhialo,hit,i,95.25,70,f,183.77,681.95,2860.4,3316.08,74.28,palatal,1.3721281235411786,0.36080289513604424,nh
p05,carrier,1,costonhialo,hit,i,95.25,80,f,184.06,766.41,2823.71,3294.38,73.96,palatal,1.9364360406554115,0.29148909335958295,nh
p05,carrier,1,costonhialo,hit,i,95.25,90,f,184.28,831.39,2809.49,3326.2,73.48,palatal,2.370591006959969,0.26462503608890164,nh
p05,carrier,1,costonhialo,hit,i,95.25,100,f,184.67,868.54,2495.72,3306.45,73.34,palatal,2.6188036415893055,-0.32814115588166887,nh
p05,carrier,1,falukiago,hit,i,78.29,0,f,216.92,384.76,3117.82,3574.16,68.58,other,-0.6135061398637363,0.8471141203553588,other
p05,carrier,1,falukiago,hit,i,78.29,10,f,216.5,426.25,2905.9,3574.19,71.33,other,-0.3362963899102724,0.44676032170538155,other
p05,carrier,1,falukiago,hit,i,78.29,20,f,213.32,462.95,2838.47,3575.81,72.38,other,-0.091090368620995,0.31937330470383346,other
p05,carrier,1,falukiago,hit,i,78.29,30,f,211.06,559.29,2888.16,3741.5,73.15,other,0.5525921406708029,0.4132463712143911,other
p05,carrier,1,falukiago,hit,i,78.29,40,f,211.22,618.78,2909.61,3484.61,74.77,other,0.9500664242266372,0.45376915802565065,other
p05,carrier,1,falukiago,hit,i,78.29,50,f,211.49,660.74,2480.99,3206.06,76.47,other,1.2304164147797187,-0.3559686919996104,other
p05,carrier,1,falukiago,hit,i,78.29,60,f,210.64,705.89,1875.38,2992.75,77.11,other,1.5320799532323308,-1.5000714855085406,other
p05,carrier,1,falukiago,hit,i,78.29,70,f,209.61,782.98,1881.54,2773.65,77.07,other,2.047146225199372,-1.488434172373,other
p05,carrier,1,falukiago,hit,i,78.29,80,f,208.76,826.52,1855.92,2762.07,77.34,other,2.33805276925755,-1.5368348156412728,other
p05,carrier,1,falukiago,hit,i,78.29,90,f,208.3,859.74,1805.23,2707.36,77.88,other,2.560007647383703,-1.6325970563621457,other
p05,carrier,1,falukiago,hit,i,78.29,100,f,208.19,880.35,1756.05,2660.27,78.34,other,2.697710538358417,-1.7255066440254423,other
p05,carrier,1,liamo,hit,i,144.48,0,f,189.25,384.54,2102.84,3259.57,73.42,other,-0.6149760397188762,-1.0703599196302669,other
p05,carrier,1,liamo,hit,i,144.48,10,f,190.28,384.84,2671.33,3412.96,76.42,other,-0.6129716308255035,0.003616727191767,other
p05,carrier,1,liamo,hit,i,144.48,20,f,190.1,385.22,3119.13,3575.14,77.4,other,-0.6104327128938977,0.8495889385708715,other
p05,carrier,1,liamo,hit,i,144.48,30,f,189.67,380.47,3060.22,3584.33,78.65,other,-0.6421691870389676,0.738297685841208,other
p05,carrier,1,liamo,hit,i,144.48,40,f,189.53,385.3,3074.38,3613.93,79.48,other,-0.609898203855665,0.7650483926592705,other
p05,carrier,1,liamo,hit,i,144.48,50,f,189.6,408.08,3100.79,3619.98,79.75,other,-0.4576967552188875,0.8149414835536921,other
p05,carrier,1,liamo,hit,i,144.48,60,f,190.04,469.22,3057.28,3638.93,79.83,other,-0.04919822274950238,0.7327435136628824,other
p05,carrier,1,liamo,hit,i,144.48,70,f,189.89,515.94,2992.23,3618.04,80,other,0.2629550555784281,0.6098527312818844,other
p05,carrier,1,liamo,hit,i,144.48,80,f,189.6,582.08,2929.41,3588.82,79.44,other,0.7048604029373602,0.4911748073898892,other
p05,carrier,1,liamo,hit,i,144.48,90,f,190.07,707.85,2826.79,3563.83,79.83,other,1.5451754246690337,0.2973077499273533,other
p05,carrier,1,liamo,hit,i,144.48,100,f,190.9,746.82,1679.48,3245.52,81.26,other,1.805548139918166,-1.87016071330927,other
p05,carrier,1,manhiala,hit,i,146.51,0,f,190.52,398,3878.76,4086.38,78,palatal,-0.5250448940362148,2.284662343952535,nh
p05,carrier,1,manhiala,hit,i,146.51,10,f,189.97,401.47,3730.72,3901.43,77.8,palatal,-0.5018605645028688,2.004988993857486,nh
p05,carrier,1,manhiala,hit,i,146.51,20,f,190.11,424.26,3171.53,3916.73,77.52,palatal,-0.34959230223631227,0.9485816671913831,nh
p05,carrier,1,manhiala,hit,i,146.51,30,f,189.58,431.04,3189.28,3732.39,76.98,palatal,-0.3042926612460859,0.9821145094244764,nh
p05,carrier,1,manhiala,hit,i,146.51,40,f,188.74,488.74,3087.83,3668.97,76.62,palatal,0.0812219825792903,0.7904577857880083,nh
p05,carrier,1,manhiala,hit,i,146.51,50,f,187.79,560.81,3108.58,3705.03,75.78,palatal,0.5627478123972252,0.8296581506520467,nh
p05,carrier,1,manhiala,hit,i,146.51,60,f,187.45,643.74,3054.06,3654.56,74.75,palatal,1.1168332441552578,0.7266603727056673,nh
p05,carrier,1,manhiala,hit,i,146.51,70,f,184.09,711.88,2959.17,3462.85,74.37,palatal,1.5721013174700087,0.5473966318888671,nh
p05,carrier,1,manhiala,hit,i,146.51,80,f,184.11,802.14,2982.2,3494.28,72.98,palatal,2.175161139856117,0.5909043139524236,nh
p05,carrier,1,manhiala,hit,i,146.51,90,f,184.71,852,1643.76,3049.93,71.97,palatal,2.508293897934683,-1.9376420161017256,nh
p05,carrier,1,manhiala,hit,i,146.51,100,f,183.72,861.54,1814.07,3176.19,73.53,palatal,2.5720341007439393,-1.61589675634296,nh
p05,carrier,1,nhiape,hit,i,170.15,0,f,200.25,285.38,2461.77,3565.77,80.17,palatal,-1.277499992608379,-0.39227862032186633,nh
p05,carrier,1,nhiape,hit,i,170.15,10,f,198.32,295.25,1106.4,3432.24,79.74,palatal,-1.2115549400164125,-2.9528086697566502,nh
p05,carrier,1,nhiape,hit,i,170.15,20,f,196.98,293.08,3256.89,3729.62,79.57,palatal,-1.2260534976784765,1.10984157778388,nh
p05,carrier,1,nhiape,hit,i,170.15,30,f,195.1,444.1,3143.72,3708.64,79.57,palatal,-0.21703406075458825,0.8960437324025193,nh
p05,carrier,1,nhiape,hit,i,170.15,40,f,192.73,424.17,3081.89,3631.54,79.51,palatal,-0.35019362490432393,0.7792360909787365,nh
p05,carrier,1,nhiape,hit,i,170.15,50,f,191.46,386.71,3118.24,3556.74,79.35,palatal,-0.6004774820568128,0.8479075735236904,nh
p05,carrier,1,nhiape,hit,i,170.15,60,f,190.46,422.59,3038.94,3442.9,79.08,palatal,-0.3607501784094212,0.6980960586457031,nh
p05,carrier,1,nhiape,hit,i,170.15,70,f,188.6,504.24,2967.08,3463.5,78.14,palatal,0.18478310873688705,0.5623399998924594,nh
p05,carrier,1,nhiape,hit,i,170.15,80,f,187.19,669.6,2921.53,3360.43,77.78,palatal,1.2896132907639966,0.4762881146126069,nh
p05,carrier,1,nhiape,hit,i,170.15,90,f,187.33,783.72,2825.85,3472.57,77.84,palatal,2.052090433803025,0.295531926169657,nh
p05,carrier,1,nhiape,hit,i,170.15,100,f,187.11,846.07,2165.56,3142.18,77.39,palatal,2.4686734154756804,-0.9518709131593036,nh
p05,carrier,1,pachialo,hit,i,66.07,0,f,186.83,379.02,3123.83,3461.92,73.1,palatal,-0.6518571633569367,0.8584680573593522,ch
p05,carrier,1,pachialo,hit,i,66.07,10,f,187.67,414.61,3023.14,3348.96,72.71,palatal,-0.41406745497313846,0.6682471061227241,ch
p05,carrier,1,pachialo,hit,i,66.07,20,f,190.05,432.58,2957.56,3399.45,72.65,palatal,-0.29400336226010554,0.5443550614102596,ch
p05,carrier,1,pachialo,hit,i,66.07,30,f,195.01,452,2980.49,3367,72.96,palatal,-0.1642512932291036,0.5876738260527846,ch
p05,carrier,1,pachialo,hit,i,66.07,40,f,195.23,473.38,3045.13,3301,73.57,palatal,-0.02140375276139921,0.7097900470075537,ch
p05,carrier,1,pachialo,hit,i,66.07,50,f,194.4,505.45,2924.2,3467.91,74.35,palatal,0.19286755794015736,0.4813322097541475,ch
p05,carrier,1,pachialo,hit,i,66.07,60,f,193.23,527.17,2847.37,3478.53,74.99,palatal,0.33798676182035076,0.33618695517563807,ch
p05,carrier,1,pachialo,hit,i,66.07,70,f,192.1,543,2803.16,3378.59,75.05,palatal,0.44375273776065793,0.2526665633376072,ch
p05,carrier,1,pachialo,hit,i,66.07,80,f,191.09,588.17,2753.75,3377.37,74.99,palatal,0.7455499034728282,0.1593224656059381,ch
p05,carrier,1,pachialo,hit,i,66.07,90,f,190.36,615.97,2431.58,3319.66,75.29,palatal,0.931291794258712,-0.4493127897312794,ch
p05,carrier,1,pachialo,hit,i,66.07,100,f,189.89,630.7,1897.65,3220.42,75.91,palatal,1.0297082709233183,-1.4579995758448232,ch
p05,carrier,2,piano,hit,i,71.09,0,f,204.82,297.3,2496.24,3302.65,75.67,other,-1.197858145911698,-0.327158785292305,other
p05,carrier,2,piano,hit,i,71.09,10,f,202.53,345.19,2600.91,3427.49,77.99,other,-0.8778876728996138,-0.12941892069862285,other
p05,carrier,2,piano,hit,i,71.09,20,f,195.91,353.43,2673.46,3431.29,78.61,other,-0.8228332419616398,0.00764066825973838,other
p05,carrier,2,piano,hit,i,71.09,30,f,194.66,347.47,2793.56,3370.04,78.68,other,-0.86265416530998,0.23453049091858236,other
p05,carrier,2,piano,hit,i,71.09,40,f,193.92,366.81,3125.03,3315.89,78.89,other,-0.7334366053172111,0.8607350664117307,other
p05,carrier,2,piano,hit,i,71.09,50,f,193.35,398.15,3142.06,3218.32,79.48,other,-0.5240426895895286,0.8929077032133965,other
p05,carrier,2,piano,hit,i,71.09,60,f,193.13,442.29,3076.68,3222.46,80.1,other,-0.22912732774460437,0.7693934933429948,other
p05,carrier,2,piano,hit,i,71.09,70,f,192.89,500.93,2988.35,3375.15,80.33,other,0.1626677972800067,0.6025227353458616,other
p05,carrier,2,piano,hit,i,71.09,80,f,192.57,582.65,2984.03,3389.94,80.23,other,0.7086687798347682,0.5943615027573009,other
p05,carrier,2,piano,hit,i,71.09,90,f,192.08,645.65,2734.33,3248.07,80.15,other,1.1295946474430645,0.12263470244161864,other
p05,carrier,2,piano,hit,i,71.09,100,f,191.62,698.37,2320.62,3059.35,80.52,other,1.4818361036384518,-0.6589355601078436,other
p06,carrier,1,chiaba,hit,i,205.3,0,f,218.36,1872.98,3223.35,4318.41,72.61,palatal,6.438559853360914,3.135896766067299,ch
p06,carrier,1,chiaba,hit,i,205.3,10,f,219.64,239.52,2378.02,3450.66,73.52,palatal,-0.972091167861776,0.5764461761749221,ch
p06,carrier,1,chiaba,hit,i,205.3,20,f,221.68,283.22,2372.33,3379.36,75.24,palatal,-0.773833818659817,0.559218260619473,ch
p06,carrier,1,chiaba,hit,i,205.3,30,f,220.62,287.61,2422.13,3436.4,76.1,palatal,-0.7539173481106958,0.7100003686443164,ch
p06,carrier,1,chiaba,hit,i,205.3,40,f,220.89,272.95,2446.19,3302.96,76.73,palatal,-0.8204265641130006,0.7828481099912583,ch
p06,carrier,1,chiaba,hit,i,205.3,50,f,218.33,285.59,2399.58,3374.57,76.23,palatal,-0.7630816466321595,0.64172453458889,ch
p06,carrier,1,chiaba,hit,i,205.3,60,f,216.4,313.55,2422.66,3369.09,76.2,palatal,-0.6362332373944759,0.7116050778261062,ch
p06,carrier,1,chiaba,hit,i,205.3,70,f,213.74,361.88,2438.44,3334.86,75.8,palatal,-0.4169705900962914,0.7593830228990388,ch
p06,carrier,1,chiaba,hit,i,205.3,80,f,211.47,405.94,2454.3,3315.84,77.12,palatal,-0.21707999957367577,0.8074031882258265,ch
p06,carrier,1,chiaba,hit,i,205.3,90,f,214.51,427.67,2213.4,3264.17,83.45,palatal,-0.11849573874624858,0.07801744880444797,ch
p06,carrier,1,chiaba,hit,i,205.3,100,f,212.85,507.14,1947.5,3251.82,82.89,palatal,0.242042282788755,-0.7270621199466709,ch
p06,carrier,1,costonhialo,hit,i,156.02,0,f,97.58,294.64,1162.71,3172.55,82.07,palatal,-0.7220237745434244,-3.103212532734149,nh
p06,carrier,1,costonhialo,hit,i,156.02,10,f,98.22,311.09,2523.42,3386.91,81.52,palatal,-0.647393719752298,1.0166814875566923,nh
p06,carrier,1,costonhialo,hit,i,156.02,20,f,98.73,329.05,2524.14,3311.85,81.46,palatal,-0.5659131249773052,1.0188614698413885,nh
p06,carrier,1,costonhialo,hit,i,156.02,30,f,99,334.2,2652.45,3276.13,81.49,palatal,-0.5425487005290195,1.4073524794933476,nh
p06,carrier,1,costonhialo,hit,i,156.02,40,f,98.83,345.01,2697.63,3243.74,81.36,palatal,-0.4935060930948508,1.5441463678580554,nh
p06,carrier,1,costonhialo,hit,i,156.02,50,f,98.49,333.18,2595.18,3280.22,80.98,palatal,-0.5471762176042139,1.2339530552647784,nh
p06,carrier,1,costonhialo,hit,i,156.02,60,f,98.18,334.84,2592.14,3270.27,80.31,palatal,-0.5396451604034074,1.224748685618282,nh
p06,carrier,1,costonhialo,hit,i,156.02,70,f,97.94,336.86,2711.16,3473.09,79.33,palatal,-0.5304808618819437,1.58511186829131,nh
p06,carrier,1,costonhialo,hit,i,156.02,80,f,97.3,368.23,2608.94,3375.21,78.04,palatal,-0.38816202791248267,1.275614938927868,nh
p06,carrier,1,costonhialo,hit,i,156.02,90,f,97.18,469.93,2231.06,3272.95,77.5,palatal,0.07322864517308267,0.13148756984297613,nh
p06,carrier,1,costonhialo,hit,i,156.02,100,f,97.72,567.27,2010.91,3329.45,79.55,palatal,0.5148389511529147,-0.5350722912347172,nh
p06,carrier,1,falufialo,hit,i,80.57,0,f,NA,256.8,1864.72,3532.02,72.13,other,-0.8936955844702462,-0.9776995276233073,other
p06,carrier,1,falufialo,hit,i,80.57,10,f,106.24,289.48,1948.97,3471.55,73.58,other,-0.7454335668061727,-0.7226113227820822,other
p06,carrier,1,falufialo,hit,i,80.57,20,f,106.22,318.34,2098.82,3107.14,73.72,other,-0.6145020542668472,-0.26890250977961794,other
p06,carrier,1,falufialo,hit,i,80.57,30,f,106.38,323.87,2135.34,2923.84,74.33,other,-0.5894136528689791,-0.15832896389473322,other
p06,carrier,1,falufialo,hit,i,80.57,40,f,106.81,330.74,2139.34,2969.78,75.05,other,-0.5582459643331105,-0.14621795120197476,other
p06,carrier,1,falufialo,hit,i,80.57,50,f,107.26,338.82,2139.77,3031.29,75.98,other,-0.5215887702472564,-0.14491601733750373,other
p06,carrier,1,falufialo,hit,i,80.57,60,f,109.91,348.39,2133.64,3051.32,77.56,other,-0.4781717718064613,-0.16347614428915638,other
p06,carrier,1,falufialo,hit,i,80.57,70,f,110.55,360.7,2104.1,3061.62,79.38,other,-0.42232399220288896,-0.2529159730251775,other
p06,carrier,1,falufialo,hit,i,80.57,80,f,110.51,386.3,2077.5,3093.75,80.75,other,-0.3061823871784004,-0.333454207432021,other
p06,carrier,1,falufialo,hit,i,80.57,90,f,110.97,426.69,2012.24,3135.48,81.78,other,-0.12294178456359237,-0.5310453795143752,other
p06,carrier,1,falufialo,hit,i,80.57,100,f,111.88,453.25,1935.92,3165.91,82.62,other,-0.00244486935068561,-0.7621235016922064,other
p06,carrier,1,falukiago,hit,i,94.2,0,f,94.26,1139.33,2971.19,3850.05,69.41,other,3.110150145305604,2.372418525915806,other
p06,carrier,1,falukiago,hit,i,94.2,10,f,95.4,220.53,2789.84,3381,70.17,other,-1.0582446475264258,1.8233354879578696,other
p06,carrier,1,falukiago,hit,i,94.2,20,f,98.13,252.65,2747.44,3369.64,70.83,other,-0.9125232274722628,1.69495875341463,other
p06,carrier,1,falukiago,hit,i,94.2,30,f,100.09,279.68,2499.81,3367,71.62,other,-0.7898940249796097,0.9451962351376852,other
p06,carrier,1,falukiago,hit,i,94.2,40,f,102.21,322.6,2286.09,3324.98,72.76,other,-0.5951753653057407,0.29810482696360124,other
p06,carrier,1,falukiago,hit,i,94.2,50,f,104.19,369.9,2207.47,3258.99,74.51,other,-0.38058560289721344,0.06006287248743267,other
p06,carrier,1,falukiago,hit,i,94.2,60,f,106.34,396.51,2143.29,3248.25,77.89,other,-0.2598618486119932,-0.13425832616787634,other
p06,carrier,1,falukiago,hit,i,94.2,70,f,107.12,423.72,2071.96,3246.15,81.71,other,-0.13641602545901138,-0.35022796001149137,other
p06,carrier,1,falukiago,hit,i,94.2,80,f,106.79,452.38,2008.47,3269.21,82.76,other,-0.00639186920893973,-0.5424600089773001,other
p06,carrier,1,falukiago,hit,i,94.2,90,f,104.61,513,1921.82,3215.08,81.05,other,0.26862782206389185,-0.8048148214341805,other
p06,carrier,1,falukiago,hit,i,94.2,100,f,102.74,599.07,1841.23,3263.94,80.3,other,0.6591086011442717,-1.0488214496615311,other
p06,carrier,1,liamo,hit,i,117.23,0,f,195.94,334.27,2094.96,2925.76,76.3,other,-0.5422311258277808,-0.2805896370281302,other
p06,carrier,1,liamo,hit,i,117.23,10,f,198.99,334.54,2217.46,3033.83,76.33,other,-0.541006194837288,0.09031012668759764,other
p06,carrier,1,liamo,hit,i,117.23,20,f,199.53,343.74,2219.81,3257.94,76.4,other,-0.4992678055316124,0.09742534664459296,other
p06,carrier,1,liamo,hit,i,117.23,30,f,199.82,353.2,2246.42,3431.46,76.45,other,-0.45634985304990705,0.177993858583169,other
p06,carrier,1,liamo,hit,i,117.23,40,f,201.18,361.49,2284.9,3321.33,76.75,other,-0.4187399348603363,0.2945018006875054,other
p06,carrier,1,liamo,hit,i,117.23,50,f,202.5,373.49,2318.49,3188.32,77.09,other,-0.3642985575051073,0.3962040297749437,other
p06,carrier,1,liamo,hit,i,117.23,60,f,203.66,389.91,2269.24,3222.99,77.91,other,-0.28980460615736897,0.24708718599535515,other
p06,carrier,1,liamo,hit,i,117.23,70,f,205.63,405.09,2262.46,3193.29,80.6,other,-0.22093626380300457,0.22655901948113033,other
p06,carrier,1,liamo,hit,i,117.23,80,f,207.86,416.89,2198.95,3204.9,84.17,other,-0.1674022427370294,0.0342664154518572,other
p06,carrier,1,liamo,hit,i,117.23,90,f,207.64,440.11,2101.75,3290.86,84.54,other,-0.06205817755466125,-0.2600311929821728,other
p06,carrier,1,liamo,hit,i,117.23,100,f,202.78,523.56,1997.84,3275.84,81.39,other,0.3165362341364931,-0.574645025208306,other
p06,carrier,1,lliape,hit,i,389.08,0,f,234.04,243.01,2373.44,3485.83,71.9,palatal,-0.9562578006142968,0.5625790666417139,j
p06,carrier,1,lliape,hit,i,389.08,10,f,203.6,234.27,2381.71,3330.52,74.15,palatal,-0.9959092704546884,0.5876185853839919,j
p06,carrier,1,lliape,hit,i,389.08,20,f,197.29,231.1,2732.26,3277.72,75.6,palatal,-1.0102908676393616,1.648997460245612,j
p06,carrier,1,lliape,hit,i,389.08,30,f,191.93,216.44,2897.05,3298.86,75.06,palatal,-1.0768000836416662,2.1479409056555285,j
p06,carrier,1,lliape,hit,i,389.08,40,f,190.53,247.72,3212.51,3839.73,73.85,palatal,-0.9348895600023694,3.103075921669925,j
p06,carrier,1,lliape,hit,i,389.08,50,f,196.13,252.34,3234.9,3448.22,74.71,palatal,-0.9139296297206064,3.17086731521764,j
p06,carrier,1,lliape,hit,i,389.08,60,f,200.29,276.13,2412.53,3278.36,76.01,palatal,-0.805999599113865,0.6809339381816963,j
p06,carrier,1,lliape,hit,i,389.08,70,f,202.68,322.14,2440.73,3356.77,75.1,palatal,-0.5972622847710246,0.766316577665643,j
p06,carrier,1,lliape,hit,i,389.08,80,f,203.01,377.44,2417.23,3409.21,76.11,palatal,-0.3463782707923445,0.695164378095687,j
p06,carrier,1,lliape,hit,i,389.08,90,f,208.55,414.04,2227.92,3353.02,84.26,palatal,-0.1803320698588961,0.12198042487916112,j
p06,carrier,1,lliape,hit,i,389.08,100,f,222.22,504.71,2069.74,3236.17,80.77,palatal,0.2310179038743211,-0.35694957205597305,j
p06,carrier,1,manhiala,hit,i,131.71,0,f,202.84,328.86,2107.25,3309.84,75.24,palatal,-0.5667751134520963,-0.24337855052962995,nh
p06,carrier,1,manhiala,hit,i,131.71,10,f,201.51,341.76,2482.97,3286.56,75.24,palatal,-0.5082506327952253,0.8942088717011716,nh
p06,carrier,1,manhiala,hit,i,131.71,20,f,201.83,342.19,2592.82,3331.16,75.73,palatal,-0.5062998167733296,1.226807557776052,nh
p06,carrier,1,manhiala,hit,i,131.71,30,f,202.95,341.13,2555.05,3306.14,76.12,palatal,-0.5111088051063748,1.11244932042468,nh
p06,carrier,1,manhiala,hit,i,131.71,40,f,203.78,343.37,2695.78,3248.82,75.98,palatal,-0.500946414666732,1.5385450244876548,nh
p06,carrier,1,manhiala,hit,i,131.71,50,f,204.13,353.45,2725.45,3243.11,75.47,palatal,-0.45521565768833977,1.6283784611361896,nh
p06,carrier,1,manhiala,hit,i,131.71,60,f,204.71,363.26,2577.11,3342.26,74.76,palatal,-0.41070983170044006,1.179241555425243,nh
p06,carrier,1,manhiala,hit,i,131.71,70,f,206.03,383.47,2500.41,3253.76,73.95,palatal,-0.31902147867134184,0.9470128870415988,nh
p06,carrier,1,manhiala,hit,i,131.71,80,f,206.65,422.4,2362.55,3234.48,72.86,palatal,-0.1424045769680868,0.5296068345856794,nh
p06,carrier,1,manhiala,hit,i,131.71,90,f,207.46,514.81,2193.53,3310.96,72.2,palatal,0.27683939648163863,0.01785599325317064,nh
p06,carrier,1,manhiala,hit,i,131.71,100,f,209.67,602.69,2068.37,3279.52,73.93,palatal,0.6755317499797658,-0.3610975939032426,nh
p06,carrier,1,mebochiana,hit,i,94.8,0,f,246.36,577.51,2641.38,3482.76,76.59,palatal,0.5612955931627102,1.3738352518661394,ch
p06,carrier,1,mebochiana,hit,i,94.8,10,f,240.64,310.88,2503.54,3392.34,79.67,palatal,-0.6483464438560145,0.9564897544736825,ch
p06,carrier,1,mebochiana,hit,i,94.8,20,f,225.73,363.58,2402.44,3437.45,79.12,palatal,-0.409258061637634,0.6503839086642127,ch
p06,carrier,1,mebochiana,hit,i,94.8,30,f,221.94,414.27,2436.12,3433.71,77.92,palatal,-0.1792886101262544,0.7523586355372385,ch
p06,carrier,1,mebochiana,hit,i,94.8,40,f,220.17,433.14,2379.95,3364.88,78.3,palatal,-0.09367954423515686,0.5822897397991775,ch
p06,carrier,1,mebochiana,hit,i,94.8,50,f,219.89,438.16,2237.93,3316.01,80.39,palatal,-0.0709049013748859,0.15228823414278844,ch
p06,carrier,1,mebochiana,hit,i,94.8,60,f,223.12,442.94,2191.61,3286.55,82.96,palatal,-0.04921908606171982,0.01204270716064636,ch
p06,carrier,1,mebochiana,hit,i,94.8,70,f,227.41,456.43,2144.5,3221.67,84.54,palatal,0.01198209564845009,-0.1305947448283168,ch
p06,carrier,1,mebochiana,hit,i,94.8,80,f,229.26,472.64,2071.15,3240.26,84.62,palatal,0.08552332289247178,-0.3526804400817748,ch
p06,carrier,1,mebochiana,hit,i,94.8,90,f,224.56,503.77,1952.94,3285.3,83.02,palatal,0.2267533293148282,-0.7105911426845193,ch
p06,carrier,1,mebochiana,hit,i,94.8,100,f,219.48,603.74,1845.66,3233.16,81.19,palatal,0.6802953704983482,-1.0354085031043012,ch
p06,carrier,1,nhiape,hit,i,189.74,0,f,212.43,277.54,2876.02,4189.19,81.09,palatal,-0.7996027372746254,2.08426725642335,nh
p06,carrier,1,nhiape,hit,i,189.74,10,f,212.8,294.23,2830.22,3318.64,81.03,palatal,-0.7238838549363945,1.9455961610912655,nh
p06,carrier,1,nhiape,hit,i,189.74,20,f,212.09,306.03,2625.01,3338.7,81.26,palatal,-0.6703498338704196,1.3242709324210258,nh
p06,carrier,1,nhiape,hit,i,189.74,30,f,210.16,311.67,2717.62,3274.04,80.74,palatal,-0.6447623865134617,1.604671153790115,nh
p06,carrier,1,nhiape,hit,i,189.74,40,f,208.3,317.35,2708,3468.35,79.59,palatal,-0.6189934678986534,1.5755441682640312,nh
p06,carrier,1,nhiape,hit,i,189.74,50,f,206.29,338.29,2710.04,3366.33,78.17,palatal,-0.5239932644137789,1.581720784737338,nh
p06,carrier,1,nhiape,hit,i,189.74,60,f,206.39,340.82,2642.4,3371.82,77.93,palatal,-0.5125152073547182,1.376923560102793,nh
p06,carrier,1,nhiape,hit,i,189.74,70,f,204.97,342.88,2667.94,3309.85,77.65,palatal,-0.5031694375754039,1.4542523761460555,nh
p06,carrier,1,nhiape,hit,i,189.74,80,f,203.63,359.21,2626.74,3277.85,77.16,palatal,-0.4290837965578299,1.3295089454106426,nh
p06,carrier,1,nhiape,hit,i,189.74,90,f,201.97,408.31,2375.23,3176.25,76.25,palatal,-0.20632782754601803,0.5679987448217232,nh
p06,carrier,1,nhiape,hit,i,189.74,100,f,199.06,550.04,2180.69,3162.5,76.87,palatal,0.4366702068336984,-0.02102035749058445,nh
p06,carrier,1,pachialo,hit,i,107.05,0,f,247.53,274.63,2700.78,3443.9,77.48,palatal,-0.8128047712832686,1.553683790353603,ch
p06,carrier,1,pachialo,hit,i,107.05,10,f,241.36,286.71,2455.81,3365.8,79.45,palatal,-0.7580004514123382,0.8119750955173421,ch
p06,carrier,1,pachialo,hit,i,107.05,20,f,228.07,326.53,2433.55,3273.48,77.58,palatal,-0.5773458142219035,0.744577309882142,ch
p06,carrier,1,pachialo,hit,i,107.05,30,f,222.16,374.67,2370.85,3129.36,75.57,palatal,-0.3589451553985098,0.5547371859231524,ch
p06,carrier,1,pachialo,hit,i,107.05,40,f,220.74,409.63,2335.35,3232.11,74.72,palatal,-0.20033927603694288,0.447251948274921,ch
p06,carrier,1,pachialo,hit,i,107.05,50,f,220.82,422,2258.45,3317.64,75.91,palatal,-0.14421928954659433,0.2144177292566393,ch
p06,carrier,1,pachialo,hit,i,107.05,60,f,221.39,436.79,2217.52,3289.51,77.67,palatal,-0.07712029195627457,0.09049179187798884,ch
p06,carrier,1,pachialo,hit,i,107.05,70,f,223.16,456.93,2179.68,3206.19,80.52,palatal,0.01425048637158463,-0.02407838819550662,ch
p06,carrier,1,pachialo,hit,i,107.05,80,f,224.74,469.97,2075.92,3215.04,83.66,palatal,0.07341011643093352,-0.3382380574456604,ch
p06,carrier,1,pachialo,hit,i,107.05,90,f,222.64,492.64,1985.6,3267.93,83.53,palatal,0.17625895181785337,-0.6117047240481469,ch
p06,carrier,1,pachialo,hit,i,107.05,100,f,219.52,638.89,1940.06,3288.53,80.21,palatal,0.8397632383347062,-0.7495886035552018,ch
p07,carrier,1,chiaba,hit,i,90.4,0,m,NA,2167.35,2700.39,3559.25,68.28,palatal,1.264950128591129,0.8439144075117363,ch
p07,carrier,1,chiaba,hit,i,90.4,10,m,111.55,2179.02,2894.89,3628.94,70.57,palatal,1.280255810054386,1.293535833013962,ch
p07,carrier,1,chiaba,hit,i,90.4,20,m,112.24,2133.64,2962.73,3598.91,72.75,palatal,1.2207380872778135,1.4503600875438902,ch
p07,carrier,1,chiaba,hit,i,90.4,30,m,115.97,2134.89,2922.71,3640.4,75.27,palatal,1.222377513312867,1.357846722769602,ch
p07,carrier,1,chiaba,hit,i,90.4,40,m,115.79,2100.85,2910.36,3750.62,77.49,palatal,1.1777326635262977,1.329297496008921,ch
p07,carrier,1,chiaba,hit,i,90.4,50,m,115.8,1955.79,2912.23,3469.04,78.25,palatal,0.9874805510104416,1.3336203343929267,ch
p07,carrier,1,chiaba,hit,i,90.4,60,m,111.05,1811.1,2825.54,3113.71,78.64,palatal,0.7977137086009612,1.1332209442809065,ch
p07,carrier,1,chiaba,hit,i,90.4,70,m,109.13,1573.4,2503.11,3439.38,79.67,palatal,0.4859604537752411,0.3878665163905077,ch
p07,carrier,1,chiaba,hit,i,90.4,80,m,108.76,633.97,1810.39,2607.13,80.68,palatal,-0.7461403463127965,-1.213479261881481,ch
p07,carrier,1,chiaba,hit,i,90.4,90,m,108.83,793.11,1878.5,2957.91,81.05,palatal,-0.537421738938101,-1.0560308542158947,ch
p07,carrier,1,chiaba,hit,i,90.4,100,m,109.25,1046.06,2025.5,2997.31,80.71,palatal,-0.20566748648473132,-0.7162141470239811,ch
p07,carrier,1,costonhialo,hit,i,106.37,0,m,101.53,782.81,1835.81,3037.05,68.85,palatal,-0.5509306094669395,-1.1547163999983627,nh
p07,carrier,1,costonhialo,hit,i,106.37,10,m,101.8,275.81,1674.88,2342.33,68.8,palatal,-1.2158818092845258,-1.5267347856337,nh
p07,carrier,1,costonhialo,hit,i,106.37,20,m,102.21,1120.88,2074.61,2643.93,68.68,palatal,-0.10753800173058554,-0.6026876266825191,nh
p07,carrier,1,costonhialo,hit,i,106.37,30,m,102.56,1477.94,2035.28,2897.53,69.49,palatal,0.3607607663302967,-0.693605933443458,nh
p07,carrier,1,costonhialo,hit,i,106.37,40,m,102.95,325.86,2143.93,2670.55,70.39,palatal,-1.1502391908409948,-0.4424420882978705,nh
p07,carrier,1,costonhialo,hit,i,106.37,50,m,103.65,385.65,2193.3,3101.47,71.29,palatal,-1.0718221647323292,-0.32831453160355156,nh
p07,carrier,1,costonhialo,hit,i,106.37,60,m,104.54,380.1,2189.41,2910.65,72.97,palatal,-1.0791012163279654,-0.3373069601135968,nh
p07,carrier,1,costonhialo,hit,i,106.37,70,m,105.69,299.02,2211.77,2894.83,74.63,palatal,-1.1854409466656577,-0.2856178337679422,nh
p07,carrier,1,costonhialo,hit,i,106.37,80,m,108.22,326.45,2243.54,2951.02,76.09,palatal,-1.1494653817524496,-0.212175814805445,nh
p07,carrier,1,costonhialo,hit,i,106.37,90,m,109.17,808.47,2426.69,3248.76,78.17,palatal,-0.517276471819367,0.2112080622163168,nh
p07,carrier,1,costonhialo,hit,i,106.37,100,m,109.55,2142.66,2809.3,3977.11,79.65,palatal,1.2325681855467578,1.0956792890101812,nh
p07,carrier,1,falukiago,hit,i,66.68,0,m,111.42,1984.62,2589.55,3084.96,70.14,other,1.025292273082909,0.5876879869324738,other
p07,carrier,1,falukiago,hit,i,66.68,10,m,111.22,2290.97,2755.35,3336.26,72.99,other,1.427082805753752,0.970964245792468,other
p07,carrier,1,falukiago,hit,i,66.68,20,m,107.44,2465.03,2941.46,3693.35,74.92,other,1.6553696022828437,1.4011906905236726,other
p07,carrier,1,falukiago,hit,i,66.68,30,m,105.52,2395.19,2930.34,3710.92,76.47,other,1.56377159085235,1.3754848280476588,other
p07,carrier,1,falukiago,hit,i,66.68,40,m,105.44,2315.7,2910.72,3721.33,77.58,other,1.459517210431245,1.3301297001897985,other
p07,carrier,1,falukiago,hit,i,66.68,50,m,105.47,2254.13,2895.73,3751.17,78.21,other,1.3787656416486642,1.2954776427693446,other
p07,carrier,1,falukiago,hit,i,66.68,60,m,105.51,2254.57,2902.55,3845.03,78.44,other,1.3793427196130028,1.3112432886404255,other
p07,carrier,1,falukiago,hit,i,66.68,70,m,105.56,1213.47,2536.24,3395.17,78.44,other,0.01389756353787649,0.46445241781409935,other
p07,carrier,1,falukiago,hit,i,66.68,80,m,105.69,209.8,2172.43,2922.77,78.45,other,-1.3024566193436162,-0.3765592573116832,other
p07,carrier,1,falukiago,hit,i,66.68,90,m,107.38,311.24,2172.53,2903.93,78.9,other,-1.1694139177469771,-0.37632808948366064,other
p07,carrier,1,falukiago,hit,i,66.68,100,m,110.58,380.47,2157.93,2838,79.78,other,-1.0786159462215896,-0.41007859237483113,other
p07,carrier,1,liamo,hit,i,63.53,0,m,116.33,253.58,2086.29,2592.31,76.92,other,-1.2450373618919122,-0.5756872243695837,other
p07,carrier,1,liamo,hit,i,63.53,10,m,114.99,325.22,2127.3,2708.86,78.24,other,-1.151078576970942,-0.48088529809788005,other
p07,carrier,1,liamo,hit,i,63.53,20,m,111.57,348.13,2157.49,2801.2,79.1,other,-1.1210311766004866,-0.4110957308181268,other
p07,carrier,1,liamo,hit,i,63.53,30,m,110.54,334.14,2180.25,2877.69,79.67,other,-1.1393796327848025,-0.3584819331603851,other
p07,carrier,1,liamo,hit,i,63.53,40,m,110,166.39,2189.42,2943.28,80.12,other,-1.3593906066889443,-0.33728384333079414,other
p07,carrier,1,liamo,hit,i,63.53,50,m,109.33,98.82,2182.5,2976.44,80.57,other,-1.4480114204397814,-0.35328065702989664,other
p07,carrier,1,liamo,hit,i,63.53,60,m,108.92,147.74,2156.88,2971.89,80.88,other,-1.3838508431319383,-0.4125058545690584,other
p07,carrier,1,liamo,hit,i,63.53,70,m,108.66,283.47,2161.38,2949.3,81.13,other,-1.2058354065417196,-0.4021033023080815,other
p07,carrier,1,liamo,hit,i,63.53,80,m,108.52,393.29,2164.74,2947.14,81.37,other,-1.0618019928060838,-0.3943360632865528,other
p07,carrier,1,liamo,hit,i,63.53,90,m,108.33,422.64,2157.29,2994.57,81.57,other,-1.0233082695030342,-0.41155806647416976,other
p07,carrier,1,liamo,hit,i,63.53,100,m,108.1,444.01,2139.66,2925.51,81.57,other,-0.9952806420077644,-0.45231295455439746,other
p07,carrier,1,lliape,hit,i,48.18,0,m,110.55,506.53,1866.23,2769.79,80.45,palatal,-0.9132831094385424,-1.0843951467141584,j
p07,carrier,1,lliape,hit,i,48.18,10,m,NA,947.64,2214.9,3073.33,79.72,palatal,-0.33474933478068164,-0.2783822807508624,j
p07,carrier,1,lliape,hit,i,48.18,20,m,NA,1519.65,2642.79,3441.46,79.1,palatal,0.4154651342679526,0.7107617385712316,j
p07,carrier,1,lliape,hit,i,48.18,30,m,NA,1214.67,2430.17,3250.5,78.68,palatal,0.01547141253152764,0.2192527026314723,j
p07,carrier,1,lliape,hit,i,48.18,40,m,NA,554.99,1958.48,2833.41,78.11,palatal,-0.8497258409115992,-0.871142825364131,j
p07,carrier,1,lliape,hit,i,48.18,50,m,NA,751.12,2032.29,2897.79,77.46,palatal,-0.5924933383076088,-0.7005178515013071,j
p07,carrier,1,lliape,hit,i,48.18,60,m,NA,1435.81,2417.5,3237.03,76.88,palatal,0.30550555124486284,0.18996373882112155,j
p07,carrier,1,lliape,hit,i,48.18,70,m,NA,1714.57,2540.4,3365.52,76.22,palatal,0.6711106724700114,0.4740689994598032,j
p07,carrier,1,lliape,hit,i,48.18,80,m,NA,1675.88,2458.17,3329.2,75.44,palatal,0.6203671578330443,0.2839796944775511,j
p07,carrier,1,lliape,hit,i,48.18,90,m,NA,1656.42,2406.36,3312.29,74.17,palatal,0.5948445733193357,0.16421164277950337,j
p07,carrier,1,lliape,hit,i,48.18,100,m,NA,1657.31,2386.75,3315.92,72.7,palatal,0.5960118446562934,0.11887963170444577,j
p07,carrier,1,lliape,hit,i,138.8,0,m,104.56,1075.82,2917.5,4068.56,58.9,palatal,-0.16663603144218425,1.3458028789296708,j
p07,carrier,1,lliape,hit,i,138.8,10,m,102.33,1057.75,2938.62,4006.27,60.05,palatal,-0.1903355742049135,1.3946255242078558,j
p07,carrier,1,lliape,hit,i,138.8,20,m,102.93,1059.37,2964.66,3786.1,61.08,palatal,-0.1882108780634847,1.454821626624709,j
p07,carrier,1,lliape,hit,i,138.8,30,m,101.42,1045.81,3008.59,3747.01,62.32,palatal,-0.20599537169174195,1.5563736534746466,j
p07,carrier,1,lliape,hit,i,138.8,40,m,98.69,787.46,2726.14,3883.05,63.59,palatal,-0.5448319446165415,0.9034401232273266,j
p07,carrier,1,lliape,hit,i,138.8,50,m,97.84,830.06,2566.37,3564.81,65.05,palatal,-0.4889603053419278,0.5341032843970408,j
p07,carrier,1,lliape,hit,i,138.8,60,m,98.08,1599.7,2986.56,3621.77,66.7,palatal,0.5204539775527608,1.5054473809614637,j
p07,carrier,1,lliape,hit,i,138.8,70,m,101.28,2325.31,2959.09,3890.88,69.78,palatal,1.4721211177887346,1.4419455786039004,j
p07,carrier,1,lliape,hit,i,138.8,80,m,106.33,2137.82,2702.87,3107.27,74.33,palatal,1.226220327939032,0.8496473696466748,j
p07,carrier,1,lliape,hit,i,138.8,90,m,107.82,1865.9,2830.57,3457.32,77.19,palatal,0.8695861459776947,1.1448486860303988,j
p07,carrier,1,lliape,hit,i,138.8,100,m,108.13,435.02,1963.93,2854.07,78.96,palatal,-1.0070713940518672,-0.8585441787369478,j
p07,carrier,1,manhiala,hit,i,85.81,0,m,108.99,463.3,2016.02,2697.23,75.36,palatal,-0.9699810194348232,-0.7381288571204393,nh
p07,carrier,1,manhiala,hit,i,85.81,10,m,108.96,275.32,1970.06,2631.51,75.6,palatal,-1.2165244642902666,-0.8443735908792172,nh
p07,carrier,1,manhiala,hit,i,85.81,20,m,108.87,300.92,2092.62,2824.66,76.05,palatal,-1.1829490190923766,-0.5610543008558097,nh
p07,carrier,1,manhiala,hit,i,85.81,30,m,108.84,301.68,2254.42,2993.12,76.51,palatal,-1.1819522480630642,-0.18702475511668273,nh
p07,carrier,1,manhiala,hit,i,85.81,40,m,109.03,304.22,2257.94,2945.07,76.88,palatal,-1.178620934359836,-0.17888764757031858,nh
p07,carrier,1,manhiala,hit,i,85.81,50,m,109.38,322.59,2258.14,2883.9,77.42,palatal,-1.154527929348694,-0.17842531191427558,nh
p07,carrier,1,manhiala,hit,i,85.81,60,m,109.75,245.88,2255.5,2876.8,78.05,palatal,-1.25513622626784,-0.18452814257404845,nh
p07,carrier,1,manhiala,hit,i,85.81,70,m,110.05,342.97,2251.13,2823.94,78.19,palatal,-1.1277987272731862,-0.1946301766585969,nh
p07,carrier,1,manhiala,hit,i,85.81,80,m,110.46,370.35,2168.49,2865.95,77.97,palatal,-1.0918887394013803,-0.3856672697357386,nh
p07,carrier,1,manhiala,hit,i,85.81,90,m,111.55,994.07,2180.88,3129.12,78.16,palatal,-0.27385449413466473,-0.3570255758438481,nh
p07,carrier,1,manhiala,hit,i,85.81,100,m,111.65,1411.53,2134.86,3183.1,78.89,palatal,0.2736613399399891,-0.463409010299439,nh
p07,carrier,1,mebochiana,hit,i,74.74,0,m,NA,1607.14,2671.19,3566.46,65.15,palatal,0.5302118413133976,0.7764134017293974,ch
p07,carrier,1,mebochiana,hit,i,74.74,10,m,108.44,217.1,2074.65,2932.77,67.33,palatal,-1.2928823712989053,-0.6025951595513105,ch
p07,carrier,1,mebochiana,hit,i,74.74,20,m,108.43,1516.64,2689.52,3341.7,68.63,palatal,0.41151739637554446,0.8187864646057766,ch
p07,carrier,1,mebochiana,hit,i,74.74,30,m,108.39,1153.26,2329.05,3101.36,69.81,palatal,-0.06507030971856707,-0.0145042050640804,ch
p07,carrier,1,mebochiana,hit,i,74.74,40,m,107.78,447.22,1822.26,2825.35,70.77,palatal,-0.9910705959497476,-1.1860396406953042,ch
p07,carrier,1,mebochiana,hit,i,74.74,50,m,107.5,491.58,1856.36,3016.79,71.37,palatal,-0.9328906448177792,-1.1072114113399014,ch
p07,carrier,1,mebochiana,hit,i,74.74,60,m,107.5,616.24,1932.89,2761.79,71.75,palatal,-0.7693939651939914,-0.9302986725548864,ch
p07,carrier,1,mebochiana,hit,i,74.74,70,m,107.76,682.95,1899.57,2633.98,71.59,palatal,-0.6819010765552711,-1.0073237928517205,ch
p07,carrier,1,mebochiana,hit,i,74.74,80,m,108.28,753.97,1857.01,2621.1,70.88,palatal,-0.5887554469476873,-1.10570882045776,ch
p07,carrier,1,mebochiana,hit,i,74.74,90,m,108.88,888.15,1899.95,2713.84,70.42,palatal,-0.4127728986409345,-1.0064453551052377,ch
p07,carrier,1,mebochiana,hit,i,74.74,100,m,109.37,855.25,1674.59,2595.21,70.65,palatal,-0.4559225918835352,-1.527405172334963,ch
p07,carrier,1,nhiape,hit,i,81.16,0,m,109.89,338.5,2229.28,2992.11,71.71,palatal,-1.1336613147745365,-0.2451403470813403,nh
p07,carrier,1,nhiape,hit,i,81.16,10,m,109.7,348.45,2252.05,3091.79,72,palatal,-1.120611483535513,-0.192503432640797,nh
p07,carrier,1,nhiape,hit,i,81.16,20,m,109.34,365.53,2273.62,3078.91,72.43,palatal,-1.0982103661925458,-0.14264053213651487,nh
p07,carrier,1,nhiape,hit,i,81.16,30,m,108.84,373.84,2290.63,3044.77,73.01,palatal,-1.087311461911512,-0.1033188845900215,nh
p07,carrier,1,nhiape,hit,i,81.16,40,m,108.32,374.61,2314.24,3020.63,73.65,palatal,-1.0863015754739191,-0.04874016039409656,nh
p07,carrier,1,nhiape,hit,i,81.16,50,m,108.04,372.58,2350.37,3007.78,74.35,palatal,-1.0889640033548458,0.03478077587014746,nh
p07,carrier,1,nhiape,hit,i,81.16,60,m,108.04,360.64,2362.28,2968.03,75.28,palatal,-1.104623800841674,0.06231286418753382,nh
p07,carrier,1,nhiape,hit,i,81.16,70,m,108.31,331.69,2361.46,2941.94,76.43,palatal,-1.1425929078135064,0.06041728799775542,nh
p07,carrier,1,nhiape,hit,i,81.16,80,m,108.77,232.48,2350.21,2896.54,77.64,palatal,-1.2727108733636106,0.03441090734531306,nh
p07,carrier,1,nhiape,hit,i,81.16,90,m,109.32,940.92,2532.1,3304.34,78.69,palatal,-0.3435628891451278,0.45488206973400086,nh
p07,carrier,1,nhiape,hit,i,81.16,100,m,109.65,2242.34,2782.66,3931.33,79.37,palatal,1.3633025752860422,1.0340961796251968,nh
p07,carrier,2,piano,hit,i,147.63,0,m,100.68,203.52,2126.63,2592.75,72.33,other,-1.3106930957437235,-0.4824341225456257,other
p07,carrier,2,piano,hit,i,147.63,10,m,98.47,1107.56,2446.22,3236.76,74.55,other,-0.1250077255601129,0.2563551390289562,other
p07,carrier,2,piano,hit,i,147.63,20,m,97.65,268.61,2200.89,2936.16,76.73,other,-1.2253249032464322,-0.3107688934567045,other
p07,carrier,2,piano,hit,i,147.63,30,m,95.55,281.26,2177.42,2926.55,77.2,other,-1.2087339117716938,-0.3650239826933993,other
p07,carrier,2,piano,hit,i,147.63,40,m,94.88,262.22,2194.66,2962.78,76.64,other,-1.2337056491376244,-0.325170649142457,other
p07,carrier,2,piano,hit,i,147.63,50,m,95.3,274.21,2163.96,2938.76,76.59,other,-1.2179802746093935,-0.3961391723451216,other
p07,carrier,2,piano,hit,i,147.63,60,m,94.89,322.13,2223.3,2909.93,77.34,other,-1.1551312381295935,-0.25896418319703857,other
p07,carrier,2,piano,hit,i,147.63,70,m,94.63,393.98,2173.31,2885.43,79.33,other,-1.0608970296347344,-0.3745249804250919,other
p07,carrier,2,piano,hit,i,147.63,80,m,93.64,496.69,2114.16,2715.77,78.7,other,-0.9261886711864812,-0.5112607506999335,other
p07,carrier,2,piano,hit,i,147.63,90,m,93.71,613.47,1927.12,2748.43,79.28,other,-0.7730269332876694,-0.9436370562317395,other
p07,carrier,2,piano,hit,i,147.63,100,m,90.44,720.17,1743.96,2747.94,78.77,other,-0.6330855269355266,-1.367044050036303,other
p08,carrier,1,chiaba,hit,i,155.51,0,f,252.89,376.42,2656.73,3477.72,72.09,palatal,-0.6550183027404393,0.6968873811386747,ch
p08,carrier,1,chiaba,hit,i,155.51,10,f,243.74,174.48,2721.19,3370.73,74.65,palatal,-1.2003668057431938,0.8497047096159808,ch
p08,carrier,1,chiaba,hit,i,155.51,20,f,239.63,328.31,2818.11,3440.6,74.37,palatal,-0.784941628874254,1.0794759704912602,ch
p08,carrier,1,chiaba,hit,i,155.51,30,f,235.68,2745.96,3464.04,4132.62,73.68,palatal,5.744036326382799,2.6108023276638677,ch
p08,carrier,1,chiaba,hit,i,155.51,40,f,230.92,2384.14,3384.08,4002.94,73.43,palatal,4.76692433590812,2.4212386667106345,ch
p08,carrier,1,chiaba,hit,i,155.51,50,f,227.9,329.67,2764.28,3472.16,73.4,palatal,-0.7812688846725913,0.9518595138990577,ch
p08,carrier,1,chiaba,hit,i,155.51,60,f,226.8,172.11,2786.3,3484.99,72.67,palatal,-1.2067671026240323,1.0040630133261486,ch
p08,carrier,1,chiaba,hit,i,155.51,70,f,226.97,368.86,2715.34,3373.51,73.21,palatal,-0.675434439626152,0.8358359325202279,ch
p08,carrier,1,chiaba,hit,i,155.51,80,f,226.84,435.87,2562.91,3312.6,74.49,palatal,-0.49447077127805567,0.4744653867585803,ch
p08,carrier,1,chiaba,hit,i,155.51,90,f,224.24,481.99,2389.64,3256.54,75.99,palatal,-0.36992153408637973,0.06368880430026792,ch
p08,carrier,1,chiaba,hit,i,155.51,100,f,218.29,626.26,2171.7,3070.14,76.22,palatal,0.01968641148263769,-0.4529883376225383,ch
p08,carrier,1,costonhialo,hit,i,68.03,0,f,223.7,1624.64,2969.11,3749.03,71.72,palatal,2.7158587321119834,1.437456370740612,nh
p08,carrier,1,costonhialo,hit,i,68.03,10,f,223.33,1830.46,2994.74,3694.99,72.06,palatal,3.2716853582783045,1.4982182095379015,nh
p08,carrier,1,costonhialo,hit,i,68.03,20,f,222.97,850.05,2299.86,3252.21,72.39,palatal,0.6240418709606332,-0.14915543632480965,nh
p08,carrier,1,costonhialo,hit,i,68.03,30,f,222.83,370.2,2024.34,3026.69,72.6,palatal,-0.6718157063686316,-0.8023392765678657,nh
p08,carrier,1,costonhialo,hit,i,68.03,40,f,222.85,538.96,2272.64,3073.72,72.83,palatal,-0.21607135969761607,-0.2136867376147927,nh
p08,carrier,1,costonhialo,hit,i,68.03,50,f,222.94,599.71,2319.94,3153.13,73.15,palatal,-0.05201311686599609,-0.10155115528502844,nh
p08,carrier,1,costonhialo,hit,i,68.03,60,f,223.08,659.37,2300.01,3179.64,73.56,palatal,0.1091015295098795,-0.14879982665568753,nh
p08,carrier,1,costonhialo,hit,i,68.03,70,f,223.24,717.04,2218.42,3159.61,74.15,palatal,0.2648420869436164,-0.3422277793467118,nh
p08,carrier,1,costonhialo,hit,i,68.03,80,f,223.33,758.92,2103.85,3144.72,74.97,palatal,0.37794100397716773,-0.6138424446219984,nh
p08,carrier,1,costonhialo,hit,i,68.03,90,f,223.28,813.43,2029.65,3125.85,75.96,palatal,0.5251478322364533,-0.789750694280951,nh
p08,carrier,1,costonhialo,hit,i,68.03,100,f,223.19,872.26,1980.19,3107.28,77.28,palatal,0.6840210244304321,-0.90700705584607,nh
p08,carrier,1,falufialo,hit,i,120.71,0,f,243.56,293.56,2713.86,3127.01,73.34,other,-0.8787856443211477,0.8323272504515588,other
p08,carrier,1,falufialo,hit,i,120.71,10,f,238,295.39,2721.62,3181.66,75.26,other,-0.8738436429321458,0.8507241240007964,other
p08,carrier,1,falufialo,hit,i,120.71,20,f,236.07,314.6,2699.86,3189.44,74.83,other,-0.8219661310836615,0.7991370146668506,other
p08,carrier,1,falufialo,hit,i,120.71,30,f,231.73,327.49,2755.52,3292.12,73.79,other,-0.7871560775840799,0.93109190922234,other
p08,carrier,1,falufialo,hit,i,120.71,40,f,228.68,371.88,2760.73,3300.07,74.27,other,-0.6672787870606954,0.9434434183965064,other
p08,carrier,1,falufialo,hit,i,120.71,50,f,229.11,394.75,2746.5,3341.05,74.98,other,-0.6055172724342074,0.909707914452478,other
p08,carrier,1,falufialo,hit,i,120.71,60,f,230.02,407.46,2741.71,3338.89,76.25,other,-0.5711933174319047,0.8983521123518529,other
p08,carrier,1,falufialo,hit,i,120.71,70,f,230.14,457.31,2709.17,3244.55,77.08,other,-0.4365710391577276,0.8212085214636814,other
p08,carrier,1,falufialo,hit,i,120.71,80,f,230.33,476.03,2612.66,3172.39,78.75,other,-0.3860167954407248,0.5924092603506681,other
p08,carrier,1,falufialo,hit,i,120.71,90,f,229.53,506.61,2283.07,3110.38,78.87,other,-0.3034340618474582,-0.18896001195518447,other
p08,carrier,1,falufialo,hit,i,120.71,100,f,224.58,650.56,1891.43,3107.02,78.15,other,0.08530970861528556,-1.1174331507211193,other
p08,carrier,1,falukiago,hit,i,65.6,0,f,230.33,257.03,2943.91,3610,68.8,other,-0.977436633796688,1.3777139463281367,other
p08,carrier,1,falukiago,hit,i,65.6,10,f,230.24,291.64,2827.35,3535.2,71.16,other,-0.883970694958789,1.101381526109167,other
p08,carrier,1,falukiago,hit,i,65.6,20,f,230.25,316.64,2823.46,3513.77,72.2,other,-0.8164570147811676,1.0921593820232731,other
p08,carrier,1,falukiago,hit,i,65.6,30,f,230.32,343.57,2744.43,3437.17,72.61,other,-0.7437312784938339,0.9048005010185955,other
p08,carrier,1,falukiago,hit,i,65.6,40,f,230.34,377.78,2676.01,3360.84,73.2,other,-0.6513455585387768,0.7425950772764731,other
p08,carrier,1,falukiago,hit,i,65.6,50,f,230.34,427.18,2663.04,3308.68,74.25,other,-0.5179385265077969,0.7118466945530679,other
p08,carrier,1,falukiago,hit,i,65.6,60,f,230.33,453.95,2605.01,3257.32,75.25,other,-0.4456448777736,0.5742731672254534,other
p08,carrier,1,falukiago,hit,i,65.6,70,f,230.39,472.74,2532.73,3217.7,76.23,other,-0.39490159575209965,0.40291672133125994,other
p08,carrier,1,falukiago,hit,i,65.6,80,f,231.51,486.25,2454.49,3210.24,76.87,other,-0.3584172029841131,0.21743071791729063,other
p08,carrier,1,falukiago,hit,i,65.6,90,f,233.68,525.17,2363.07,3134.36,77.04,other,-0.25331190568359224,6.984782431475776e-4,other
p08,carrier,1,falukiago,hit,i,65.6,100,f,224.78,581.85,2281.76,3044.63,76.97,other,-0.10024488998488884,-0.19206566973218203,other
p08,carrier,1,lliape,hit,i,143.92,0,f,229.51,356.34,2511.52,3033.58,72.3,palatal,-0.7092452906591049,0.35263351411742705,j
p08,carrier,1,lliape,hit,i,143.92,10,f,231.48,392.27,2558.73,3008.47,73.61,palatal,-0.6122146295078275,0.4645557306457178,j
p08,carrier,1,lliape,hit,i,143.92,20,f,231.68,372.33,2653.7,3027.71,74.49,palatal,-0.6660635408174983,0.6897040658224123,j
p08,carrier,1,lliape,hit,i,143.92,30,f,230.54,390.58,2713.86,3234.2,74.72,palatal,-0.6167785542878347,0.8323272504515588,j
p08,carrier,1,lliape,hit,i,143.92,40,f,229.5,392.37,2715.5,3253.74,74.45,palatal,-0.611944574787117,0.8362152495006242,j
p08,carrier,1,lliape,hit,i,143.92,50,f,229.14,385.74,2659.41,3280.88,74.54,palatal,-0.629849202770222,0.7032409405603184,j
p08,carrier,1,lliape,hit,i,143.92,60,f,228.9,417.16,2691.03,3303.99,74.95,palatal,-0.5449980095229875,0.7782034588112099,j
p08,carrier,1,lliape,hit,i,143.92,70,f,228.27,442.35,2640.16,3303.1,75.64,palatal,-0.47697122537601616,0.6576043663563447,j
p08,carrier,1,lliape,hit,i,143.92,80,f,239.04,464.27,2635.23,3273.85,78.18,palatal,-0.41777523059627786,0.6459166618978729,j
p08,carrier,1,lliape,hit,i,143.92,90,f,240.37,496.85,2630.63,3134.46,80.23,palatal,-0.3297914025888016,0.635011298711469,j
p08,carrier,1,lliape,hit,i,143.92,100,f,229.35,595.39,2254.44,3020.23,78.51,palatal,-0.0636794808006892,-0.25683404413491284,j
p08,carrier,1,manhiala,hit,i,87.55,0,f,223.39,1387.42,3067.22,3621.01,73.94,palatal,2.0752349236425696,1.6700488016575907,nh
p08,carrier,1,manhiala,hit,i,87.55,10,f,222.74,1486.97,3030.34,3583.7,74.07,palatal,2.344074398109858,1.5826162376761603,nh
p08,carrier,1,manhiala,hit,i,87.55,20,f,222.13,1724.97,3180.44,3618.37,73.83,palatal,2.986804633400814,1.9384629799107809,nh
p08,carrier,1,manhiala,hit,i,87.55,30,f,221.59,1575.46,3142.1,3621.06,73.58,palatal,2.5830458204665665,1.8475691484832295,nh
p08,carrier,1,manhiala,hit,i,87.55,40,f,221.02,788.35,2392.07,3308.66,73.6,palatal,0.4574181082822638,0.06944968094004295,nh
p08,carrier,1,manhiala,hit,i,87.55,50,f,220.58,359.77,2158.1,3199.52,73.9,palatal,-0.6999824137387353,-0.48523028095625453,nh
p08,carrier,1,manhiala,hit,i,87.55,60,f,220.23,448.54,2454.35,3318.68,74.49,palatal,-0.4602548381640371,0.21709881555944385,nh
p08,carrier,1,manhiala,hit,i,87.55,70,f,219.86,537.53,2487.98,3340.07,75.4,palatal,-0.21993314220377616,0.29682650337656796,nh
p08,carrier,1,manhiala,hit,i,87.55,80,f,219.4,615.47,2447.53,3336.81,76.58,palatal,-0.00945249288202359,0.2009304292700367,nh
p08,carrier,1,manhiala,hit,i,87.55,90,f,218.74,680.32,2324.09,3300.37,77.61,palatal,0.16567799349872633,-0.09171262110598977,nh
p08,carrier,1,manhiala,hit,i,87.55,100,f,217.74,748.45,2205.49,3221.26,77.87,palatal,0.34966627471878015,-0.3728813328250179,nh
p08,carrier,1,mebochiana,hit,i,144.91,0,f,230.25,290.73,2627.17,3555.67,74.91,palatal,-0.8864281929172544,0.6268085690103911,ch
p08,carrier,1,mebochiana,hit,i,144.91,10,f,230.42,258.12,2749.87,3405.9,77.52,palatal,-0.9744930373409436,0.9176972783520824,ch
p08,carrier,1,mebochiana,hit,i,144.91,20,f,229.42,240.87,2832.64,3460.83,78.19,palatal,-1.0210774766635025,1.1139226937735316,ch
p08,carrier,1,mebochiana,hit,i,144.91,30,f,226.97,266.06,2848.82,3317.63,78.67,palatal,-0.9530506925165312,1.152281123416145,ch
p08,carrier,1,mebochiana,hit,i,144.91,40,f,224.25,296.41,2872.17,3390.03,79.19,palatal,-0.8710890847808987,1.207637695242783,ch
p08,carrier,1,mebochiana,hit,i,144.91,50,f,223.02,327.12,2847.74,3374.98,79.31,palatal,-0.7881552800507087,1.1497207337984665,ch
p08,carrier,1,mebochiana,hit,i,144.91,60,f,223.26,349.25,2828.93,3285.3,78.89,palatal,-0.7283921703574783,1.105127281290584,ch
p08,carrier,1,mebochiana,hit,i,144.91,70,f,223.74,406.24,2833.93,3253.35,77.72,palatal,-0.5744879850245725,1.1169809369279795,ch
p08,carrier,1,mebochiana,hit,i,144.91,80,f,224.64,452.35,2744.04,3322.24,78.55,palatal,-0.4499657533049676,0.9038759158788792,ch
p08,carrier,1,mebochiana,hit,i,144.91,90,f,224.26,558.47,2608.88,3316.77,78.84,palatal,-0.16338368368700035,0.5834478966887975,ch
p08,carrier,1,mebochiana,hit,i,144.91,100,f,218.16,699.43,2162.03,3213.03,77.68,palatal,0.21728545062649987,-0.4759133076252608,ch
p08,carrier,1,nhiape,hit,i,190.45,0,f,241.56,330.27,2161.23,2960.92,73.24,palatal,-0.7796485563483285,-0.47780989252724454,nh
p08,carrier,1,nhiape,hit,i,190.45,10,f,241.95,349.56,2040.03,3030.81,73.32,palatal,-0.7275550007232757,-0.7651425051777176,nh
p08,carrier,1,nhiape,hit,i,190.45,20,f,242.17,355.88,3025.8,3476.91,74.53,palatal,-0.7104875423743731,1.5718531183574052,nh
p08,carrier,1,nhiape,hit,i,190.45,30,f,241.45,332.13,3021.19,3414.77,75.22,palatal,-0.7746255385431134,1.560924047859726,nh
p08,carrier,1,nhiape,hit,i,190.45,40,f,240.6,360.35,3108.84,3488.99,74.72,palatal,-0.6984160963586143,1.7687186311832737,nh
p08,carrier,1,nhiape,hit,i,190.45,50,f,238.86,353.45,3079.23,3679.57,74.32,palatal,-0.7170498720876379,1.6985212824986158,nh
p08,carrier,1,nhiape,hit,i,190.45,60,f,234.93,388.73,3026.48,3568.9,73.85,palatal,-0.6217745666209785,1.5734652155240905,nh
p08,carrier,1,nhiape,hit,i,190.45,70,f,229.32,633.54,3009.44,3474.04,72.75,palatal,0.03934639515036097,1.533067957111846,nh
p08,carrier,1,nhiape,hit,i,190.45,80,f,226.69,663.75,2747.4,3496.72,72.31,palatal,0.12092992627699876,0.9118415724672094,nh
p08,carrier,1,nhiape,hit,i,190.45,90,f,224.05,716.18,2236.83,3421.37,74.4,palatal,0.2625196163455062,-0.29858261928982094,nh
p08,carrier,1,nhiape,hit,i,190.45,100,f,221.12,883.9,2001.8,3418.41,76.7,palatal,0.7154553939211327,-0.8557755561812457,nh
p08,carrier,1,pachialo,hit,i,73.95,0,f,253.44,274.71,2426.54,3493.88,72.28,palatal,-0.9296909591750744,0.1511687829042488,ch
p08,carrier,1,pachialo,hit,i,73.95,10,f,249.05,278.77,2587.31,3425.27,73.9,palatal,-0.9187267375142284,0.5323112262690718,ch
p08,carrier,1,pachialo,hit,i,73.95,20,f,248.2,325.55,2617.79,3336.16,74.74,palatal,-0.7923951391658633,0.6045711110346363,ch
p08,carrier,1,pachialo,hit,i,73.95,30,f,247.35,384.97,2609.13,3349.54,75.85,palatal,-0.63192862411969275,0.5840405794706672,ch
p08,carrier,1,pachialo,hit,i,73.95,40,f,246.66,440.24,2572.11,3357.99,77,palatal,-0.48266937998300746,0.49627611313138914,ch
p08,carrier,1,pachialo,hit,i,73.95,50,f,246.19,477.9,2513.24,3276.88,78.19,palatal,-0.3809667721634387,0.35671117165669075,ch
p08,carrier,1,pachialo,hit,i,73.95,60,f,243.23,492.96,2440.37,3237.76,79.34,palatal,-0.34029653122443954,0.18395599439728527,ch
p08,carrier,1,pachialo,hit,i,73.95,70,f,234.81,519.1,2355.61,3164.31,79.51,palatal,-0.2697042272307185,-0.01698717596784697,ch
p08,carrier,1,pachialo,hit,i,73.95,80,f,234.88,576.32,2251.76,3098.36,78.78,palatal,-0.11517891604017862,-0.26318760355655657,ch
p08,carrier,1,pachialo,hit,i,73.95,90,f,234.92,693.57,2117.65,3095.82,78.92,palatal,0.2014602439928657,-0.5811263550627858,ch
p08,carrier,1,pachialo,hit,i,73.95,100,f,234.76,739.41,1939.73,3102.86,80.4,palatal,0.32525332796655204,-1.0029268372638764,ch
