participant,exp,task,item,status,TextGridLabel,duration,time_course_segment,sex,f0,f1,f2,f3,in,is_palatal,f1norm,f2norm
p03,carrier,2,ayuda,hit,u,127.26,0,m,109.49,331.03,1952.67,2580.4,83.51,palatal,-1.3506299810200852,2.6360136106483183
p03,carrier,2,ayuda,hit,u,127.26,10,m,109.91,340.85,1561.5,2310.57,83.49,palatal,-1.2690218483024385,1.339258985351483
p03,carrier,2,ayuda,hit,u,127.26,20,m,110.19,345.08,1563.83,2271.38,82.78,palatal,-1.2338688542702958,1.3469830906687146
p03,carrier,2,ayuda,hit,u,127.26,30,m,111.29,356.99,1585.42,2348.63,81.69,palatal,-1.134891984548588,1.4185553798528514
p03,carrier,2,ayuda,hit,u,127.26,40,m,113.59,368.17,1354.11,2207.56,80.94,palatal,-1.0419817071775814,0.6517473107846429
p03,carrier,2,ayuda,hit,u,127.26,50,m,115.92,378.88,1258.39,2389.04,81.2,palatal,-0.9529773180323684,0.33442913011277947
p03,carrier,2,ayuda,hit,u,127.26,60,m,117.12,371.27,1178.32,2408.38,82.23,palatal,-1.0162194656883043,0.0689917426660995
p03,carrier,2,ayuda,hit,u,127.26,70,m,117.89,380.78,1222.97,2402.85,82.65,palatal,-0.9371875571195857,0.21700946902421442
p03,carrier,2,ayuda,hit,u,127.26,80,m,118.35,390.97,1325.48,2454.29,82.23,palatal,-0.8525045762241864,0.5568369523158231
p03,carrier,2,ayuda,hit,u,127.26,90,m,117.2,393.15,1431.49,2481.7,80.45,palatal,-0.8343879031768886,0.9082671689165784
p03,carrier,2,ayuda,hit,u,127.26,100,m,114.76,371.02,1429.03,2616.17,77.09,palatal,-1.0182970658084072,0.9001121049335781
p03,carrier,2,fortuna,hit,u,118.66,0,m,122.02,449.5,1529.24,2732.71,82.3,other,-0.36609683610566923,1.2323149349077476
p03,carrier,2,fortuna,hit,u,118.66,10,m,121.81,557.19,1467.26,2738.26,82.03,other,0.5288501916299052,1.026847103336058
p03,carrier,2,fortuna,hit,u,118.66,20,m,121.49,623.05,1539.5,2834.7,81.74,other,1.0761731672698422,1.2663275188368464
p03,carrier,2,fortuna,hit,u,118.66,30,m,121.22,645,1524.27,2891.18,81.65,other,1.258586457814887,1.215839053608759
p03,carrier,2,fortuna,hit,u,118.66,40,m,120.76,651.22,1525.66,2840.95,81.38,other,1.3102771488030502,1.2204469962658206
p03,carrier,2,fortuna,hit,u,118.66,50,m,120.34,647.81,1526.46,2910.36,80.86,other,1.2819386831648445,1.2230990495936254
p03,carrier,2,fortuna,hit,u,118.66,60,m,120.31,699.1,1437.94,2953.25,80.43,other,1.7081791238051793,0.9296493488720061
p03,carrier,2,fortuna,hit,u,118.66,70,m,120.24,576.78,1332.01,2656.16,79.62,other,0.6916509370411766,0.5784843376040311
p03,carrier,2,fortuna,hit,u,118.66,80,m,119.85,374.31,1248.68,2510.09,78.03,other,-0.9909558482278514,0.3022398328465466
p03,carrier,2,fortuna,hit,u,118.66,90,m,119.67,769.98,1922.2,2886.53,75.34,other,2.2972203098567854,2.5350035295255466
p03,carrier,2,fortuna,hit,u,118.66,100,m,120.03,1315,2550.59,3205.56,72.77,other,6.826554779690962,4.61815826784975
p03,carrier,2,fruta,hit,u,78.87,0,m,122.94,388.88,1282.96,2617.44,76.98,other,-0.8698733132282479,0.41588031794298924
p03,carrier,2,fruta,hit,u,78.87,10,m,120.5,370.55,1170.5,2517.41,78.62,other,-1.0222029540342006,0.04306792138680618
p03,carrier,2,fruta,hit,u,78.87,20,m,119.94,360.04,1127.13,2540.89,78.89,other,-1.1095452630833313,-0.10070651964682012
p03,carrier,2,fruta,hit,u,78.87,30,m,119.92,350.15,1094.46,2566.35,78.78,other,-1.1917351238346068,-0.20900974742105563
p03,carrier,2,fruta,hit,u,78.87,40,m,120.1,342.62,1091.42,2517.41,78.53,other,-1.2543124394521095,-0.21908755006671438
p03,carrier,2,fruta,hit,u,78.87,50,m,120.29,340.28,1091.81,2482.58,78.1,other,-1.273758776576274,-0.21779467406940986
p03,carrier,2,fruta,hit,u,78.87,60,m,120.59,343.5,1092.92,2467.59,77.78,other,-1.2469992870293467,-0.21411495007708006
p03,carrier,2,fruta,hit,u,78.87,70,m,120.91,353.89,1106.49,2468.23,77.8,other,-1.1606542260378656,-0.16912949550418854
p03,carrier,2,fruta,hit,u,78.87,80,m,121.14,375.18,1165.21,2467.7,77.66,other,-0.9837257998098929,0.025531218756695968
p03,carrier,2,fruta,hit,u,78.87,90,m,121.24,362.72,1949.66,2956.11,76.23,other,-1.0872733897958269,2.626035260002452
p03,carrier,2,fruta,hit,u,78.87,100,m,NA,233.77,1628.64,3104.82,72.9,other,-2.1588995317449613,1.5618325608875148
p03,carrier,2,patilludo,hit,u,79.13,0,m,109.07,313.57,1533.89,2401.4,77.82,palatal,-1.4957295734080795,1.2477299948756142
p03,carrier,2,patilludo,hit,u,79.13,10,m,109.61,315.68,1446.18,2424.43,78,palatal,-1.47819462839441,0.9569654981483974
p03,carrier,2,patilludo,hit,u,79.13,20,m,110.32,318,1376.22,2442.65,78.08,palatal,-1.4589144992798542,0.7250434346318531
p03,carrier,2,patilludo,hit,u,79.13,30,m,111.26,324.67,1341.17,2444.28,77.71,palatal,-1.4034841280755057,0.6088503482073981
p03,carrier,2,patilludo,hit,u,79.13,40,m,112.37,331.45,1357.08,2537.23,77.15,palatal,-1.3471396128183122,0.6615930587641189
p03,carrier,2,patilludo,hit,u,79.13,50,m,113.43,337.64,1390.95,2552.04,76.72,palatal,-1.2956982338445615,0.773874366530062
p03,carrier,2,patilludo,hit,u,79.13,60,m,114.29,342.71,1423.96,2508.99,76.4,palatal,-1.2535645034088725,0.8833047169686143
p03,carrier,2,patilludo,hit,u,79.13,70,m,114.77,346.25,1443.42,2562.51,76.3,palatal,-1.2241456857082136,0.9478159141674702
p03,carrier,2,patilludo,hit,u,79.13,80,m,114.79,346.42,1430.7,2561.1,76.43,palatal,-1.2227329176265436,0.9056482662553712
p03,carrier,2,patilludo,hit,u,79.13,90,m,114.25,349.27,1442.4,2564.98,76.14,palatal,-1.1990482762573693,0.9444345461745189
p03,carrier,2,patilludo,hit,u,79.13,100,m,112.68,353.41,1422.82,2579.51,74.43,palatal,-1.1646432182684632,0.8795255409764919
p03,carrier,2,velludo,hit,u,98.33,0,m,106.01,313.73,1807.37,2435.57,81.77,palatal,-1.4943999093312135,2.154334424985741
p03,carrier,2,velludo,hit,u,98.33,10,m,106.6,314.32,1664.87,2380.15,81.71,palatal,-1.4894967730477706,1.6819374259704816
p03,carrier,2,velludo,hit,u,98.33,20,m,107.75,316.37,1604.67,2383.95,81.3,palatal,-1.4724604520629259,1.4823704130531585
p03,carrier,2,velludo,hit,u,98.33,30,m,108.49,318.16,1552.51,2383.92,81.53,palatal,-1.457584835202988,1.3094565360802746
p03,carrier,2,velludo,hit,u,98.33,40,m,108.95,324.61,1405.02,2367.07,82.01,palatal,-1.4039827521043304,0.8205173544328316
p03,carrier,2,velludo,hit,u,98.33,50,m,109.78,334.46,1225.92,2421.51,81.75,palatal,-1.3221253073722719,0.22678891567049536
p03,carrier,2,velludo,hit,u,98.33,60,m,111.12,339.79,1202.71,2482.1,81.25,palatal,-1.2778308728116754,0.1498462184975537
p03,carrier,2,velludo,hit,u,98.33,70,m,112.29,349.37,1227.35,2447.45,80.56,palatal,-1.198217236209328,0.2315294609939462
p03,carrier,2,velludo,hit,u,98.33,80,m,113.17,358.25,1261.58,2488.41,80.03,palatal,-1.1244208799432691,0.3450041927574012
p03,carrier,2,velludo,hit,u,98.33,90,m,113.32,358.45,1372.19,2744.65,79.67,palatal,-1.1227587998471866,0.7116837159930356
p03,carrier,2,velludo,hit,u,98.33,100,m,112.75,367.52,1556.15,2921.56,78.75,palatal,-1.0473834674898495,1.3215233787217875
p04,carrier,2,ayuda,hit,u,129.38,0,m,136.86,413.14,1360.79,2508.91,79.67,palatal,-1.1721196712079271,0.3037738152608117
p04,carrier,2,ayuda,hit,u,129.38,10,m,139.46,415.97,1320.45,2479.12,80.4,palatal,-1.14689954805688,0.15937886926469133
p04,carrier,2,ayuda,hit,u,129.38,20,m,142.65,426,1272.52,2540.4,80.58,palatal,-1.057515153991509,-0.01218408962460151
p04,carrier,2,ayuda,hit,u,129.38,30,m,145.23,441.35,1278.94,2547.67,80.92,palatal,-0.9207204930838868,0.010795968711915726
p04,carrier,2,ayuda,hit,u,129.38,40,m,147.42,462.75,1353.43,2435.18,81.34,palatal,-0.7300100211996454,0.2774290754856151
p04,carrier,2,ayuda,hit,u,129.38,50,m,149.04,476.22,1387.4,3680.73,82.99,palatal,-0.6099693643640968,0.39902293556216994
p04,carrier,2,ayuda,hit,u,129.38,60,m,150.27,475.65,1423.83,2343.13,84.29,palatal,-0.6150490358114813,0.5294222385527166
p04,carrier,2,ayuda,hit,u,129.38,70,m,151.48,475.33,1435.79,2022.39,84.33,palatal,-0.6179007811854511,0.5722324406874119
p04,carrier,2,ayuda,hit,u,129.38,80,m,151.93,463.69,1413.21,2599.36,84.82,palatal,-0.7216330191636087,0.4914084971923104
p04,carrier,2,ayuda,hit,u,129.38,90,m,152.25,454.92,1404.43,2661.72,85.23,palatal,-0.7997886658189729,0.4599809407757032
p04,carrier,2,ayuda,hit,u,129.38,100,m,153.05,462.33,1335.56,2677.78,84.96,palatal,-0.7337529370029812,0.21346433366730336
p04,carrier,2,coyunda,hit,u,93.25,0,m,127.38,370.62,1569.04,2391.29,79.3,palatal,-1.5510453377741866,1.049193931862005
p04,carrier,2,coyunda,hit,u,93.25,10,m,130.42,389.32,1481.42,2472.83,78.86,palatal,-1.3843964674828166,0.7355626683969558
p04,carrier,2,coyunda,hit,u,93.25,20,m,133.66,445.51,1347.94,2483.9,78.28,palatal,-0.8836478032222775,0.2577779041043879
p04,carrier,2,coyunda,hit,u,93.25,30,m,135.79,496.77,1290.42,2471.36,77.96,palatal,-0.42683384112946327,0.051888035643880726
p04,carrier,2,coyunda,hit,u,93.25,40,m,137.5,518.91,1258.32,2462.98,78.32,palatal,-0.2295287080679162,-0.06301225603870464
p04,carrier,2,coyunda,hit,u,93.25,50,m,140.05,522.42,1241.38,2379.24,78.81,palatal,-0.19824862599718318,-0.12364811090172545
p04,carrier,2,coyunda,hit,u,93.25,60,m,143.37,520.26,1233.31,2335.59,78.91,palatal,-0.2174979072714802,-0.1525342589976282
p04,carrier,2,coyunda,hit,u,93.25,70,m,145.9,523.59,1231.5,2376.18,79.25,palatal,-0.18782193197360483,-0.15901306049125663
p04,carrier,2,coyunda,hit,u,93.25,80,m,148.02,537.03,1271.67,2365.98,79.91,palatal,-0.06804862626686668,-0.01522662071276932
p04,carrier,2,coyunda,hit,u,93.25,90,m,149.94,547.6,1307.77,2575.49,80.64,palatal,0.026148088117079287,0.11399146432590057
p04,carrier,2,coyunda,hit,u,93.25,100,m,151.57,565.47,1345.63,3032.42,81.03,palatal,0.18540024384471476,0.2495093784412488
p04,carrier,2,fortuna,hit,u,81.93,0,m,128.89,499.96,1601.03,2918.81,79.89,other,-0.3984055044327002,1.1637004842272975
p04,carrier,2,fortuna,hit,u,81.93,10,m,128.78,531.28,1564.22,2727.22,81.4,other,-0.11929092595538955,1.0319409908679222
p04,carrier,2,fortuna,hit,u,81.93,20,m,128.54,518.6,1447.92,2709.07,81.84,other,-0.2322913363989491,0.615651149039741
p04,carrier,2,fortuna,hit,u,81.93,30,m,128.39,515.33,1393.45,2819.58,81.53,other,-0.26143260943920454,0.42067859801324886
p04,carrier,2,fortuna,hit,u,81.93,40,m,128.85,544.52,1315.96,2982.36,80.47,other,-0.0012999611073820241,0.1433071462224855
p04,carrier,2,fortuna,hit,u,81.93,50,m,130.61,586.01,1248.68,3044.49,79.11,other,0.3684466500364118,-0.09751813802686986
p04,carrier,2,fortuna,hit,u,81.93,60,m,131.22,606.58,1236.03,2922.92,78.56,other,0.5517604073569193,-0.14279815951549008
p04,carrier,2,fortuna,hit,u,81.93,70,m,131.27,584.09,1219.12,2831.31,78.91,other,0.35133617779259235,-0.20332663092834116
p04,carrier,2,fortuna,hit,u,81.93,80,m,131.24,590.88,1257.97,2860.5,78.93,other,0.4118466499465173,-0.06426506295736178
p04,carrier,2,fortuna,hit,u,81.93,90,m,131.4,615.36,1310.36,2961.34,77.98,other,0.63000517105522,0.12326223552396554
p04,carrier,2,fortuna,hit,u,81.93,100,m,131.59,584.5,1340.87,2985.78,76.31,other,0.3549899765529911,0.23247120434750645
p04,carrier,2,fruta,hit,u,96.19,0,m,132.21,459.66,1349.92,2750.33,78.92,other,-0.7575471874670426,0.2648652118156502
p04,carrier,2,fruta,hit,u,96.19,10,m,131.88,484.28,1359.32,2720.8,80.55,other,-0.5381410277572287,0.29851202620245026
p04,carrier,2,fruta,hit,u,96.19,20,m,131.39,504.04,1362.24,2781,81.82,other,-0.3620457509145827,0.3089640153523928
p04,carrier,2,fruta,hit,u,96.19,30,m,130.91,521.76,1364.46,2895.86,82.75,other,-0.20413035083099595,0.3169103906650203
p04,carrier,2,fruta,hit,u,96.19,40,m,130.63,525.75,1357.45,2878.17,83.07,other,-0.16857265069930782,0.29181845780848076
p04,carrier,2,fruta,hit,u,96.19,50,m,130.72,526.62,1360.81,2888.33,82.67,other,-0.16081946796382693,0.3038454042275921
p04,carrier,2,fruta,hit,u,96.19,60,m,131.18,520.79,1388.63,2898.37,81.82,other,-0.21277470399584267,0.4034256570191662
p04,carrier,2,fruta,hit,u,96.19,70,m,131.7,514.63,1408.83,2807.35,81.1,other,-0.26767080244476427,0.4757305134673966
p04,carrier,2,fruta,hit,u,96.19,80,m,131.98,506.04,1403.64,2770.11,80.13,other,-0.3442223423272704,0.45715317658787646
p04,carrier,2,fruta,hit,u,96.19,90,m,132.03,475.48,1420.47,2784.26,77.56,other,-0.6165640255414024,0.5173952921336052
p04,carrier,2,fruta,hit,u,96.19,100,m,NA,296.61,1435.39,2819.91,72.33,other,-2.2106005725476785,0.5708006613518039
p04,carrier,2,luna,hit,u,110.85,0,m,130.7,471.26,1283.23,2508.25,81.5,other,-0.6541714176606316,0.026151802086317125
p04,carrier,2,luna,hit,u,110.85,10,m,130.63,504.17,1213.33,2533.58,82.64,other,-0.36088722935640744,-0.22405163681127457
p04,carrier,2,luna,hit,u,110.85,20,m,130.89,533.95,1172.82,2683.35,82.59,other,-0.09549667549132698,-0.36905508902502887
p04,carrier,2,luna,hit,u,110.85,30,m,130.89,566.42,1180.25,2867.26,81.37,other,0.1938663629236875,-0.3424597878661001
p04,carrier,2,luna,hit,u,110.85,40,m,130.5,637.9,1292.2,3285.6,80.34,other,0.8308749858342294,0.058259453687338605
p04,carrier,2,luna,hit,u,110.85,50,m,130.79,696.16,1544.69,3791.8,79.65,other,1.3500708779826367,0.9620343648068357
p04,carrier,2,luna,hit,u,110.85,60,m,132.08,818.07,1730.2,3799.29,78.78,other,2.436496748422259,1.6260578261786838
p04,carrier,2,luna,hit,u,110.85,70,m,133.44,853.39,1597.76,3822.79,78.97,other,2.7512581440741934,1.1519956881586977
p04,carrier,2,luna,hit,u,110.85,80,m,134.3,886.47,1585.12,3730.85,79.41,other,3.0460573221083393,1.1067514611534677
p04,carrier,2,luna,hit,u,110.85,90,m,134.66,1005.84,1318.31,3572.47,78.84,other,4.109847463642074,0.15171884981918532
p04,carrier,2,luna,hit,u,110.85,100,m,134.62,1014.76,1225.86,3527.07,77.28,other,4.189339865941487,-0.17920114912333732
p04,carrier,2,patilludo,hit,u,87.59,0,m,119.74,377.64,2097.99,2504.58,82.32,palatal,-1.4884851736327207,2.9425431307873398
p04,carrier,2,patilludo,hit,u,87.59,10,m,121.07,398.52,1822.99,2562.53,82.86,palatal,-1.30240878798118,1.9581948375564733
p04,carrier,2,patilludo,hit,u,87.59,20,m,122.02,413.06,1792.67,2578.65,83.25,palatal,-1.1728326075514195,1.8496659639173465
p04,carrier,2,patilludo,hit,u,87.59,30,m,123.24,423.26,1726.62,2558.49,83.38,palatal,-1.081933223756127,1.6132434011249868
p04,carrier,2,patilludo,hit,u,87.59,40,m,125.31,442.59,1656.22,2594.23,83.26,palatal,-0.9096699797597536,1.3612502380578853
p04,carrier,2,patilludo,hit,u,87.59,50,m,126.24,465.73,1586.88,2622.35,83.16,palatal,-0.7034531424045499,1.1130512902301462
p04,carrier,2,patilludo,hit,u,87.59,60,m,127.42,479.12,1531.92,2639.91,83.23,palatal,-0.5841254219124942,0.9163248095175333
p04,carrier,2,patilludo,hit,u,87.59,70,m,128.55,475.31,1503.12,2650.93,83.38,palatal,-0.6180790152713241,0.8132366973537182
p04,carrier,2,patilludo,hit,u,87.59,80,m,129.94,460.6,1487.9,2605.2,83.29,palatal,-0.7491701854310059,0.7587574936338142
p04,carrier,2,patilludo,hit,u,87.59,90,m,131.81,445.27,1453.02,2640.17,83.04,palatal,-0.8857866122527551,0.6339063355687496
p04,carrier,2,patilludo,hit,u,87.59,100,m,133.66,465.16,1430.71,2672.11,83.16,palatal,-0.7085328138519339,0.5540488431251838
p04,carrier,2,velludo,hit,u,94.46,0,m,125.99,391.09,1521.54,2474.37,79.55,palatal,-1.3686227508830455,0.8791701357584915
p04,carrier,2,velludo,hit,u,94.46,10,m,126.7,416.16,1426.79,2441.08,79.45,palatal,-1.1452063242410853,0.5400174056362199
p04,carrier,2,velludo,hit,u,94.46,20,m,127.72,432.84,1371.86,2400.25,79.6,palatal,-0.9965590966229011,0.3433983083737777
p04,carrier,2,velludo,hit,u,94.46,30,m,129.22,434.68,1347.81,2390.14,79.64,palatal,-0.9801615607225735,0.25731257582031475
p04,carrier,2,velludo,hit,u,94.46,40,m,131.13,434.1,1326.49,2453.15,79.37,palatal,-0.985330349212894,0.18099873723238008
p04,carrier,2,velludo,hit,u,94.46,50,m,132.62,449.47,1322.47,2525.33,79.31,palatal,-0.8483574542193989,0.16660935490951437
p04,carrier,2,velludo,hit,u,94.46,60,m,133.5,484.74,1359.49,2552.81,79.68,palatal,-0.5340416437821466,0.2991205324200842
p04,carrier,2,velludo,hit,u,94.46,70,m,134.41,479.22,1334.07,2587.51,80.09,palatal,-0.5832342514831284,0.20813095564216155
p04,carrier,2,velludo,hit,u,94.46,80,m,135.58,453.29,1326.58,2635.16,80.53,palatal,-0.8143147438176325,0.1813208875828917
p04,carrier,2,velludo,hit,u,94.46,90,m,136.65,446.59,1341.19,2673.02,80.61,palatal,-0.874023162585129,0.23361662781599388
p04,carrier,2,velludo,hit,u,94.46,100,m,137.55,432.46,1353.96,2752.01,80.11,palatal,-0.9999455442544904,0.2793261831052963
p05,carrier,2,ayuda,hit,u,136.11,0,f,183.14,370.12,2620.41,3633.35,76.8,palatal,-1.1047404954107385,5.252249705495124
p05,carrier,2,ayuda,hit,u,136.11,10,f,185.01,374.19,1868.24,3230.21,78.02,palatal,-1.0818379233022428,2.4342267120125842
p05,carrier,2,ayuda,hit,u,136.11,20,f,184.2,385.98,1639.47,2958.7,77.86,palatal,-1.01549361736633,1.5771344054608731
p05,carrier,2,ayuda,hit,u,136.11,30,f,182.61,391.35,1423.37,2950.67,77.71,palatal,-0.9852757273853417,0.7675105586023474
p05,carrier,2,ayuda,hit,u,136.11,40,f,182.97,392.87,1289.05,3070.69,78.56,palatal,-0.9767224326421199,0.264277448421704
p05,carrier,2,ayuda,hit,u,136.11,50,f,183.51,393.68,1189.1,3147.44,78.83,palatal,-0.9721644268907976,-0.11018763021554558
p05,carrier,2,ayuda,hit,u,136.11,60,f,183.62,391.56,1131.54,3020.99,78.84,palatal,-0.9840940221905546,-0.325837554441259
p05,carrier,2,ayuda,hit,u,136.11,70,f,183.55,392.16,1087.09,3168.85,78.75,palatal,-0.9807177216340195,-0.4923705483924921
p05,carrier,2,ayuda,hit,u,136.11,80,f,184.18,390.95,1060.73,3040.91,78.67,palatal,-0.987526594423032,-0.5911289223082286
p05,carrier,2,ayuda,hit,u,136.11,90,f,187.18,403.72,1125.64,3134.49,77.94,palatal,-0.9156676642447786,-0.347942046326799
p05,carrier,2,ayuda,hit,u,136.11,100,f,191.79,427.36,1242.66,3171.19,77.37,palatal,-0.7826414223172998,0.09047619781658191
p05,carrier,2,coyunda,hit,u,125.56,0,f,182.09,403.67,1417.88,2991.41,79.75,palatal,-0.91594902262449,0.7469421415766504
p05,carrier,2,coyunda,hit,u,125.56,10,f,181.22,404.5,1131.62,2549.19,80.37,palatal,-0.9112784735212832,-0.3255378325173875
p05,carrier,2,coyunda,hit,u,125.56,20,f,180.53,411.17,1913.22,3372.59,80.96,palatal,-0.8737452656678024,2.6027453637094675
p05,carrier,2,coyunda,hit,u,125.56,30,f,180.48,406,1018.22,3398.16,80.84,palatal,-0.9028377221299457,-0.7503936596055719
p05,carrier,2,coyunda,hit,u,125.56,40,f,180.9,411.01,1105,3231.69,80.16,palatal,-0.8746456124828786,-0.42527030268570704
p05,carrier,2,coyunda,hit,u,125.56,50,f,181.21,425.36,913.55,3084.01,79.76,palatal,-0.7938957575057498,-1.142542331751254
p05,carrier,2,coyunda,hit,u,125.56,60,f,181.51,430.73,1393.1,3491.94,79.94,palatal,-0.7636778675247616,0.6541032756573797
p05,carrier,2,coyunda,hit,u,125.56,70,f,181.92,417.78,1245.41,3210.82,80.31,palatal,-0.8365496878699755,0.10077913894967282
p05,carrier,2,coyunda,hit,u,125.56,80,f,181.44,413.72,1379.28,3349.15,80.32,palatal,-0.8593959883025287,0.6023263133085376
p05,carrier,2,coyunda,hit,u,125.56,90,f,179.93,402.1,1359.27,3152.86,79.29,palatal,-0.9247836757474232,0.5273583671001199
p05,carrier,2,coyunda,hit,u,125.56,100,f,180.04,398.17,1229.2,2933.26,76.59,palatal,-0.9468984443927274,0.04004798412516229
p05,carrier,2,fortuna,hit,u,107.34,0,f,95.96,420.65,1539.13,3291.33,77.55,other,-0.8203997168745497,1.2012081824447494
p05,carrier,2,fortuna,hit,u,107.34,10,f,95.85,431.33,1461.34,3339.1,78.95,other,-0.7603015669682268,0.90976607671997
p05,carrier,2,fortuna,hit,u,107.34,20,f,95.88,463.6,1178.51,3406.4,79.24,other,-0.5787128687025861,-0.14986331988806625
p05,carrier,2,fortuna,hit,u,107.34,30,f,95.57,483.33,982.62,3527.16,78.92,other,-0.46768885206852717,-0.8837699157284943
p05,carrier,2,fortuna,hit,u,107.34,40,f,95.15,469.23,967.86,3373.5,78.84,other,-0.5470319151470994,-0.9390686106828294
p05,carrier,2,fortuna,hit,u,107.34,50,f,94.95,577.5,943.54,3326.37,79.07,other,0.06222152027964052,-1.030184075539837
p05,carrier,2,fortuna,hit,u,107.34,60,f,104.39,664.87,1214.99,3398.55,79.12,other,0.5538671529870782,-0.01319012260255484
p05,carrier,2,fortuna,hit,u,107.34,70,f,188.28,632.46,1409.83,3368.97,78.9,other,0.3714906512582463,0.7167826229870564
p05,carrier,2,fortuna,hit,u,107.34,80,f,186.95,684.14,1303.18,3391.99,78.02,other,0.6623026725277937,0.31721583322554964
p05,carrier,2,fortuna,hit,u,107.34,90,f,185.58,882.2,1302.91,3262.51,76.91,other,1.7768194862399962,0.3162042717324826
p05,carrier,2,fortuna,hit,u,107.34,100,f,184.78,679.13,1317.97,3293.72,76.7,other,0.6341105628807265,0.3726269239013366
p05,carrier,2,fruta,hit,u,115.66,0,f,208.88,630.34,1494.33,3302.88,76.57,other,0.3595610559584893,1.0333639050765768
p05,carrier,2,fruta,hit,u,115.66,10,f,208.52,513.64,1516.89,3193.28,78.55,other,-0.2971294022875676,1.117885487608407
p05,carrier,2,fruta,hit,u,115.66,20,f,208.21,507.4,1340.52,2513.38,79.23,other,-0.33224292807553163,0.45711104119268187
p05,carrier,2,fruta,hit,u,115.66,30,f,206.94,555.27,1201.73,3148.09,78.61,other,-0.06287041533998118,-0.06286903148429494
p05,carrier,2,fruta,hit,u,115.66,40,f,205.06,634.81,1183,2995.69,76.89,other,0.38471449510467454,-0.13304142691076506
p05,carrier,2,fruta,hit,u,115.66,50,f,203.27,646.67,1028.1,2894.53,75.53,other,0.4514527027721831,-0.7133780020074131
p05,carrier,2,fruta,hit,u,115.66,60,f,201.7,525.43,1092.65,3441.56,75.23,other,-0.23078509635165514,-0.47153987468340586
p05,carrier,2,fruta,hit,u,115.66,70,f,201.3,423.08,1147.02,3198.32,75.21,other,-0.8067256996205829,-0.2678413621720781
p05,carrier,2,fruta,hit,u,115.66,80,f,200.61,397.71,1180.36,3069.75,75.15,other,-0.949486941486071,-0.1429322503985327
p05,carrier,2,fruta,hit,u,115.66,90,f,197.58,392.79,1205.34,3261.31,74.01,other,-0.9771726060496578,-0.04934407966958326
p05,carrier,2,fruta,hit,u,115.66,100,f,195.6,419.93,1305.92,3363.62,71.77,other,-0.8244512775423916,0.32748130911815665
p05,carrier,2,luna,hit,u,121.54,0,f,191.01,488.02,1501.64,3182.75,77.5,other,-0.441297436051612,1.0607509958703574
p05,carrier,2,luna,hit,u,121.54,10,f,192.76,520.22,1305.15,3150.38,78.8,other,-0.2601026395175669,0.3245964856008912
p05,carrier,2,luna,hit,u,121.54,20,f,192.94,477.91,1156.45,3219.04,80.09,other,-0.4981881004292264,-0.23251164039569708
p05,carrier,2,luna,hit,u,121.54,30,f,193.21,427.45,1013.55,2892.67,80.47,other,-0.7821349772338198,-0.7678899269115848
p05,carrier,2,luna,hit,u,121.54,40,f,193.99,400.6,949.19,3164.03,80.24,other,-0.9332244271387606,-1.0090162146663955
p05,carrier,2,luna,hit,u,121.54,50,f,194.48,354.25,923.02,2946.49,80.35,other,-1.1940436451310892,-1.1070627490129372
p05,carrier,2,luna,hit,u,121.54,60,f,194.83,325.77,870.41,3204.43,80.29,other,-1.354305378214617,-1.3041673791990873
p05,carrier,2,luna,hit,u,121.54,70,f,195.52,280.97,884.93,3279.53,80.17,other,-1.6064024864358966,-1.2497678500163674
p05,carrier,2,luna,hit,u,121.54,80,f,195.99,324.3,963.57,3370.32,80.19,other,-1.3625773145781277,-0.955141198850451
p05,carrier,2,luna,hit,u,121.54,90,f,195.74,333.41,1006.4,3175.02,80.03,other,-1.3113138177947379,-0.7946775738576211
p05,carrier,2,luna,hit,u,121.54,100,f,195.47,340.02,1101.64,3130.3,80.44,other,-1.2741182399969109,-0.43785862348831955
p05,carrier,2,patilludo,hit,u,131.13,0,f,190.18,373.44,1368.91,3048.03,78.67,palatal,-1.0860582989979115,0.5634748589266643
p05,carrier,2,patilludo,hit,u,131.13,10,f,190.86,375.43,1297.93,2930.62,78.39,palatal,-1.0748602354854038,0.29754658197146705
p05,carrier,2,patilludo,hit,u,131.13,20,f,191.54,379.74,1165.73,3066.37,78.71,palatal,-1.050607143154294,-0.19774389722657587
p05,carrier,2,patilludo,hit,u,131.13,30,f,192.42,378.05,1036.07,3108.39,78.85,palatal,-1.0601170563885343,-0.6835182053416913
p05,carrier,2,patilludo,hit,u,131.13,40,f,193.33,377.88,990.74,3187.96,78.55,palatal,-1.0610736748795526,-0.8533481404555131
p05,carrier,2,patilludo,hit,u,131.13,50,f,194.69,377.09,1002.42,3190.45,77.69,palatal,-1.0655191372789905,-0.8095887395702399
p05,carrier,2,patilludo,hit,u,131.13,60,f,197.42,371.05,1133.62,3273.31,76.55,palatal,-1.0995072295481092,-0.31804478442059414
p05,carrier,2,patilludo,hit,u,131.13,70,f,200.52,366.05,1216.53,3204.4,76.26,palatal,-1.1276430675192342,-0.007420475568024071
p05,carrier,2,patilludo,hit,u,131.13,80,f,201.8,374.19,1390.89,3129.99,77.05,palatal,-1.0818379233022428,0.6458234575104237
p05,carrier,2,patilludo,hit,u,131.13,90,f,200.41,365.48,1447,3063.77,76.65,palatal,-1.1308505530479425,0.8560409218659617
p05,carrier,2,patilludo,hit,u,131.13,100,f,196.82,369.79,1450.71,3038.68,75.35,palatal,-1.1065974607168327,0.8699405260855135
p06,carrier,2,fruta,hit,u,128.42,0,f,217.01,430.5,1507.03,1814.92,74.22,other,-0.47994112283247353,0.40352965068365276
p06,carrier,2,fruta,hit,u,128.42,10,f,221.81,451.09,1738.66,3077.48,77.38,other,-0.3373246964132763,0.8565904913057575
p06,carrier,2,fruta,hit,u,128.42,20,f,225,474.57,1761.02,3963.32,78.43,other,-0.1746907142703546,0.9003259331583249
p06,carrier,2,fruta,hit,u,128.42,30,f,227.8,524,1744.34,2834.38,78.02,other,0.16768567999389644,0.8677003888783235
p06,carrier,2,fruta,hit,u,128.42,40,f,229.87,515.75,1471.1,2814.19,78.47,other,0.11054213856804027,0.33325172466564024
p06,carrier,2,fruta,hit,u,128.42,50,f,233.23,473.34,1057.08,3235.18,78.56,other,-0.18321029681020964,-0.47655809804455995
p06,carrier,2,fruta,hit,u,128.42,60,f,238.02,453.9,982.43,3420.22,78.74,other,-0.31786125987913616,-0.6225711004727432
p06,carrier,2,fruta,hit,u,128.42,70,f,244.06,417.1,983.9,3404.16,79.45,other,-0.5727560870878035,-0.6196958276854768
p06,carrier,2,fruta,hit,u,128.42,80,f,248.12,368.96,991.37,3424.13,79.74,other,-0.9061973094200118,-0.6050847476032459
p06,carrier,2,fruta,hit,u,128.42,90,f,246.3,337.35,942.13,3407.2,77.76,other,-1.125143654204413,-0.7013966061372546
p06,carrier,2,fruta,hit,u,128.42,100,f,237.41,486.21,1392.74,3431.5,73.16,other,-0.09406637218587398,0.1799820813934041
p06,carrier,2,luna,hit,u,172.38,0,f,225.51,425.09,1702.11,2781,78.29,other,-0.5174134330280957,0.7850998652005984
p06,carrier,2,luna,hit,u,172.38,10,f,235.52,459.54,1308.45,3088.48,81.2,other,-0.27879585701345966,0.01511354857797793
p06,carrier,2,luna,hit,u,172.38,20,f,241.86,475.91,1071.76,3103.31,81.7,other,-0.16540921784482138,-0.4478444895295467
p06,carrier,2,luna,hit,u,172.38,30,f,247.48,439.23,876.05,3221.57,82.88,other,-0.4194728662691129,-0.8306469638124637
p06,carrier,2,luna,hit,u,172.38,40,f,251.66,378.88,798.79,3210.73,83.71,other,-0.8374865299115882,-0.9817650424139566
p06,carrier,2,luna,hit,u,172.38,50,f,256.83,353.99,807.53,3160.82,83.17,other,-1.0098868627709288,-0.9646698831209582
p06,carrier,2,luna,hit,u,172.38,60,f,263.67,371.74,812.4,3141.75,82.52,other,-0.8869416675819655,-0.9551443195332121
p06,carrier,2,luna,hit,u,172.38,70,f,267.9,388.17,846.29,3099.31,83.78,other,-0.7731394390211391,-0.8888565679954876
p06,carrier,2,luna,hit,u,172.38,80,f,272.08,392.47,879.94,2981.63,84.56,other,-0.7433555325809958,-0.8230382487495616
p06,carrier,2,luna,hit,u,172.38,90,f,272.83,390.88,1030.5,1865.85,82.86,other,-0.7543686514739792,-0.5285477243612525
p06,carrier,2,luna,hit,u,172.38,100,f,259.74,328.26,1296.74,2887.69,83.49,other,-1.188105447120902,-0.007790835326027853
p06,carrier,2,velludo,hit,u,143.32,0,f,226.45,315.68,1826.86,3797.71,75.52,palatal,-1.2752406896829953,1.0291068585417351
p06,carrier,2,velludo,hit,u,143.32,10,f,227.37,328.1,1723.02,3633.69,76.75,palatal,-1.18921368550007,0.8259991536235498
p06,carrier,2,velludo,hit,u,143.32,20,f,226.61,384.83,1374.23,3132.49,76.81,palatal,-0.7962739151862738,0.14377711588843867
p06,carrier,2,velludo,hit,u,143.32,30,f,227.7,388.62,1083.76,3164.15,76.96,palatal,-0.7700225185797288,-0.4243728749396177
p06,carrier,2,velludo,hit,u,143.32,40,f,230.02,392.61,1015.39,3307.83,77.33,palatal,-0.7423858239992238,-0.5581023990657381
p06,carrier,2,velludo,hit,u,143.32,50,f,231.79,401.79,1006.77,3365.35,77.66,palatal,-0.6788006469944529,-0.5749628422128371
p06,carrier,2,velludo,hit,u,143.32,60,f,233.1,412.82,1002.6,3493.28,77.76,palatal,-0.6024014637305508,-0.5831192282828374
p06,carrier,2,velludo,hit,u,143.32,70,f,234.88,428.76,1134.87,3574.23,78.09,palatal,-0.49199321520592687,-0.3244033564653453
p06,carrier,2,velludo,hit,u,143.32,80,f,236.2,478.87,2633.15,3353.32,78.7,palatal,-0.14490680783021131,2.60618420251789
p06,carrier,2,velludo,hit,u,143.32,90,f,235.05,470.71,958.81,3394.7,77.59,palatal,-0.20142696516778558,-0.6687710618572534
p06,carrier,2,velludo,hit,u,143.32,100,f,226.68,679.48,1985.8,3551.39,72.49,palatal,1.2446163249505169,1.3399883937853447
p07,carrier,2,ayuda,hit,u,85.28,0,m,104.56,1384.46,2195.77,3197.21,73.76,palatal,2.6439203996675267,0.4021570014250018
p07,carrier,2,ayuda,hit,u,85.28,10,m,107.24,1299.51,2259.08,3295.23,74.31,palatal,2.306209522810001,0.5373300558200166
p07,carrier,2,ayuda,hit,u,85.28,20,m,107.64,1229.13,2297.68,3338.39,76.21,palatal,2.0264203348967276,0.619744838629171
p07,carrier,2,ayuda,hit,u,85.28,30,m,108.16,1017.67,2243.45,3291.14,78.45,palatal,1.1857806407202436,0.5039584740763094
p07,carrier,2,ayuda,hit,u,85.28,40,m,108.77,606.74,2206.3,3396.91,80.11,palatal,-0.44783361033405644,0.4246395833674996
p07,carrier,2,ayuda,hit,u,85.28,50,m,109.33,359.52,1965.28,2562.87,80.91,palatal,-1.4306338808074806,-0.08996173664966223
p07,carrier,2,ayuda,hit,u,85.28,60,m,109.74,327.85,1641.95,2486.28,80.96,palatal,-1.556535039960839,-0.7803029730663444
p07,carrier,2,ayuda,hit,u,85.28,70,m,109.93,744.86,2089.96,3161.14,80.84,palatal,0.10124968939003276,0.17624228201990755
p07,carrier,2,ayuda,hit,u,85.28,80,m,109.77,1052.48,2505.72,3625.62,80.41,palatal,1.3241645797833452,1.0639306265985105
p07,carrier,2,ayuda,hit,u,85.28,90,m,109.23,1082.55,2571.2,3668.87,78.78,palatal,1.4437050867533954,1.20373684365404
p07,carrier,2,ayuda,hit,u,85.28,100,m,108.61,1104.35,2599.9,3710.55,75.65,palatal,1.5303689727509708,1.2650141562608472
p07,carrier,2,coyunda,hit,u,80.55,0,m,108.18,1337.11,2117.59,3056.62,80.56,palatal,2.455684849117746,0.23523503976646065
p07,carrier,2,coyunda,hit,u,80.55,10,m,109.5,1292.57,2113.26,3085.81,82.19,palatal,2.278620193964901,0.22599006542543387
p07,carrier,2,coyunda,hit,u,80.55,20,m,109.83,777.27,2117.14,3340.49,84.13,palatal,0.23009265017817143,0.23427424566635333
p07,carrier,2,coyunda,hit,u,80.55,30,m,110.48,459.61,2056.66,3291.96,85.44,palatal,-1.0327353326654005,0.1051435186120096
p07,carrier,2,coyunda,hit,u,80.55,40,m,112.01,359.29,2081.73,3406.23,85.75,palatal,-1.431548224558831,0.15867042547795565
p07,carrier,2,coyunda,hit,u,80.55,50,m,113.71,383.88,2146.9,3654.95,85.04,palatal,-1.3337929513166116,0.2978147621534118
p07,carrier,2,coyunda,hit,u,80.55,60,m,115.89,403.92,2115.5,3702.4,83.74,palatal,-1.254125782720675,0.23077268494596465
p07,carrier,2,coyunda,hit,u,80.55,70,m,117.84,414.56,1775.13,2453,82.38,palatal,-1.2118274457016749,-0.49595062139475876
p07,carrier,2,coyunda,hit,u,80.55,80,m,119.34,575.84,1995.38,3181.29,80.64,palatal,-0.570673705624198,-0.025695286842523295
p07,carrier,2,coyunda,hit,u,80.55,90,m,120.83,909.66,2243.71,3654.91,78.97,palatal,0.7563968642707877,0.5045135995563715
p07,carrier,2,coyunda,hit,u,80.55,100,m,119.43,1188.84,2391.82,3728.02,78.58,palatal,1.866251162105795,0.8207429643714983
p07,carrier,2,fortuna,hit,u,88.57,0,m,138.81,840.46,2558.63,3372.7,72.5,other,0.4812986573427039,1.1768986617910595
p07,carrier,2,fortuna,hit,u,88.57,10,m,135.99,506.04,2686.19,3284.79,75.84,other,-0.8481571571210226,1.4492517627013122
p07,carrier,2,fortuna,hit,u,88.57,20,m,134.85,496.74,2573.08,3346.57,76.99,other,-0.8851284479365021,1.2077508278944862
p07,carrier,2,fortuna,hit,u,88.57,30,m,134.74,504.03,2415.4,3488.47,76.44,other,-0.8561477264263039,0.8710885752170905
p07,carrier,2,fortuna,hit,u,88.57,40,m,135.22,547.02,2426.07,3794.92,75.77,other,-0.6852449530760389,0.8938700708796211
p07,carrier,2,fortuna,hit,u,88.57,50,m,136.01,601.85,2487.22,3825.11,75.74,other,-0.4672733535692924,1.024431313594123
p07,carrier,2,fortuna,hit,u,88.57,60,m,137.21,622.72,2554.79,3874.87,75.97,other,-0.38430659665326466,1.1686998854701485
p07,carrier,2,fortuna,hit,u,88.57,70,m,138.56,507.81,1393.94,2507.26,76.48,other,-0.8411206856432379,-1.3098286281051637
p07,carrier,2,fortuna,hit,u,88.57,80,m,139.41,498.27,1486.36,2431.36,76.35,other,-0.8790460742862137,-1.1125028709232452
p07,carrier,2,fortuna,hit,u,88.57,90,m,139.27,526.9,1624.35,2503.8,74.77,other,-0.7652301542811408,-0.8178806978705189
p07,carrier,2,fortuna,hit,u,88.57,100,m,138.56,766.26,1899.21,2602.52,72.46,other,0.1863234123417812,-0.23102766152533155
p07,carrier,2,fruta,hit,u,98.42,0,m,122.71,424.9,1606.66,3252.47,79.26,other,-1.170721730967045,-0.8556505814947138
p07,carrier,2,fruta,hit,u,98.42,10,m,125.08,470.44,1027.1,1958.45,80.33,other,-0.9896816681996324,-2.093067978512165
p07,carrier,2,fruta,hit,u,98.42,20,m,127.74,506.79,1018.47,2244.4,80.46,other,-0.8451756014100968,-2.1114938742542115
p07,carrier,2,fruta,hit,u,98.42,30,m,131.59,733.29,2209.2,3087.75,79.16,other,0.0552542232894844,0.4308313675681866
p07,carrier,2,fruta,hit,u,98.42,40,m,136.44,713.87,2197.59,2708.06,77.87,other,-0.021948192585419954,0.4060428797854338
p07,carrier,2,fruta,hit,u,98.42,50,m,139.66,526.95,1439.4,2391.92,79.33,other,-0.7650313839004121,-1.212767073014382
p07,carrier,2,fruta,hit,u,98.42,60,m,141.11,903.86,2249.13,3672.46,80.99,other,0.7333395001062952,0.5160858307176571
p07,carrier,2,fruta,hit,u,98.42,70,m,142.95,435.72,2136.43,3670.19,79.21,other,-1.1277078205774225,0.27546028609092815
p07,carrier,2,fruta,hit,u,98.42,80,m,145.16,921.19,2230.65,3686.27,74.48,other,0.8022333140667535,0.4766292196732743
p07,carrier,2,fruta,hit,u,98.42,90,m,146.48,775.87,2306.23,3695.28,71.88,other,0.22452707951777676,0.6379999265311991
p07,carrier,2,fruta,hit,u,98.42,100,m,145.75,923.14,2293.06,3742.68,69.05,other,0.8099853589151602,0.6098806858680754
p07,carrier,2,luna,hit,u,97.18,0,m,104.42,922.6,1462.1,2796.8,73.45,other,0.8078386388032938,-1.1643003484089987
p07,carrier,2,luna,hit,u,97.18,10,m,105.85,397.23,1335.1,2403.06,74.64,other,-1.280721259662133,-1.4354577944391187
p07,carrier,2,luna,hit,u,97.18,20,m,105.57,411.27,1764.3,2442.81,74.67,other,-1.2249065367536027,-0.5190737327373276
p07,carrier,2,luna,hit,u,97.18,30,m,105.72,438.99,1596.38,2514.28,73.78,other,-1.1147082376777862,-0.8775993889371518
p07,carrier,2,luna,hit,u,97.18,40,m,106.09,490.46,1358.04,2634.18,73.26,other,-0.9100940077559874,-1.386478646313678
p07,carrier,2,luna,hit,u,97.18,50,m,106.22,476.95,1240.07,2647.86,74.72,other,-0.9638017646287969,-1.6383561574016563
p07,carrier,2,luna,hit,u,97.18,60,m,106.2,412.76,1447.86,2561.1,76.38,other,-1.2189831794078967,-1.194704143932376
p07,carrier,2,luna,hit,u,97.18,70,m,106.3,429.15,1530.49,2493.35,76.71,other,-1.1538262486051323,-1.0182809961727788
p07,carrier,2,luna,hit,u,97.18,80,m,106.67,521.97,1777.42,2482.51,75.78,other,-0.7848289138209593,-0.4910612469742157
p07,carrier,2,luna,hit,u,97.18,90,m,107.36,949.22,2141.05,2468.59,74.05,other,0.9136639895030857,0.2853244388520246
p07,carrier,2,luna,hit,u,97.18,100,m,108.59,993.5,2419.84,2459.26,73.48,other,1.0896950386761428,0.8805684103381436
p07,carrier,2,patilludo,hit,u,91.42,0,m,109.76,381.48,2096.31,2655.89,71.07,palatal,-1.343333929591574,0.18980015432141337
p07,carrier,2,patilludo,hit,u,91.42,10,m,111.01,735.72,2200.37,3253.98,72.46,palatal,0.06491446379288414,0.4119784522260926
p07,carrier,2,patilludo,hit,u,91.42,20,m,113.71,944.58,2276.74,3611.21,72.61,palatal,0.8952180981714917,0.5750358865042046
p07,carrier,2,patilludo,hit,u,91.42,30,m,114.45,987.54,2312.68,3519.33,72.18,palatal,1.0660016092933193,0.6517713086327284
p07,carrier,2,patilludo,hit,u,91.42,40,m,114.7,939.78,2318.54,3429.04,71.98,palatal,0.8761361416215665,0.6642829829141185
p07,carrier,2,patilludo,hit,u,91.42,50,m,114.7,674.98,2324.74,3434.11,71.45,palatal,-0.1765517947159573,0.6775205905155884
p07,carrier,2,patilludo,hit,u,91.42,60,m,114.57,539.08,2369.47,3439.02,70.69,palatal,-0.7168096895357061,0.7730235240661969
p07,carrier,2,patilludo,hit,u,91.42,70,m,112.8,870.79,2400.7,3466.63,69.86,palatal,0.6018727702925416,0.8397026346136035
p07,carrier,2,patilludo,hit,u,91.42,80,m,112.09,1072.37,2391.78,3526.57,69.3,palatal,1.403235437237096,0.8206575604514889
p07,carrier,2,patilludo,hit,u,91.42,90,m,112.06,944.17,2369.26,3475.09,69.69,palatal,0.8935881810495185,0.7725751534861479
p07,carrier,2,patilludo,hit,u,91.42,100,m,112.28,788.82,2284.95,3509.44,70.4,palatal,0.27600860812642847,0.5925650410861518
p07,carrier,2,velludo,hit,u,109.43,0,m,114.53,1607.46,2130.75,3660.17,82.04,palatal,3.530436297716121,0.2633329294495814
p07,carrier,2,velludo,hit,u,109.43,10,m,116.52,1448.58,2149.05,3598.48,82.01,palatal,2.898823535913606,0.3024052228539219
p07,carrier,2,velludo,hit,u,109.43,20,m,119.46,1420.86,2466.91,3742.6,80.89,palatal,2.78862523683779,0.9810674732093063
p07,carrier,2,velludo,hit,u,109.43,30,m,123.33,1068.4,2181.96,3668.65,81.57,palatal,1.387453069007263,0.37267129804172666
p07,carrier,2,velludo,hit,u,109.43,40,m,125.01,428.34,2163.26,2426.44,83.27,palatal,-1.1570463287729322,0.3327449654372921
p07,carrier,2,velludo,hit,u,109.43,50,m,126.67,1125.26,2243.28,3624.36,84.07,palatal,1.6134947459715814,0.5035955074162699
p07,carrier,2,velludo,hit,u,109.43,60,m,128.12,1097.41,2250.58,3560.33,84.27,palatal,1.5027796439058716,0.5191817228180007
p07,carrier,2,velludo,hit,u,109.43,70,m,129.16,912.63,2280.02,3572.44,83.77,palatal,0.7682038248860538,0.5820390079449829
p07,carrier,2,velludo,hit,u,109.43,80,m,129.59,803.68,2239.46,3594.91,82.7,palatal,0.33508316527890397,0.49543943305536364
p07,carrier,2,velludo,hit,u,109.43,90,m,129.53,849.71,2294.72,3550.2,80.6,palatal,0.518071177777455,0.6134249485484689
p07,carrier,2,velludo,hit,u,109.43,100,m,129.45,1201.82,2376.82,3551.3,78.59,palatal,1.9178519529428835,0.7887164943679408
